gene_id,rank_second_best_sgRNA,most_enriched_score,most_enriched_guide_uid,second_most_enriched_score,second_most_enriched_guide_uid,RIGER_rank,RIGER_weighted_sum,RIGER_empirical_p,in_frozen_panel,group
HLA-A,1.0,2.4546263934452,HGLibB_21566,2.20455374732374,HGLibA_21595,1,8.5,0.0,False,MHC-I presentation
B2M,2.0,2.22098486913349,HGLibB_03943,2.10592072873951,HGLibA_03946,2,12.0,0.0,False,MHC-I presentation
MLANA,3.0,1.84166423203932,HGLibA_29364,1.72598586491736,HGLibB_29322,3,48.25,0.0,False,
SOX10,4.0,1.99977222041436,HGLibB_46172,1.67248470537792,HGLibA_46229,4,51.75,0.0,False,
hsa-mir-101-2,5.0,1.74970677758206,HGLibA_57159,1.5091909150609,HGLibA_57158,6,130.75,0.0,False,
CD58,6.0,1.51140477144975,HGLibB_08408,1.41914467979606,HGLibB_08407,7,149.5,0.0,False,
TAPBP,7.0,1.4645038353172,HGLibB_48262,1.32772934081589,HGLibA_48321,8,165.0,0.0,False,MHC-I presentation
TAP2,8.0,1.90488669604405,HGLibB_48259,1.31316754595525,HGLibB_48260,9,215.5,0.0,False,MHC-I presentation
TAF3,9.0,1.56784323032343,HGLibB_48172,1.21541147099658,HGLibA_48230,10,227.125,0.0,False,
SRP54,10.0,2.03993852901828,HGLibA_47007,1.20652541706133,HGLibA_47005,11,293.5,3.994056843417e-06,False,
MAD2L1,11.0,1.2671193461121,HGLibB_27804,1.17625332181984,HGLibB_27805,12,364.0,5.99108526512549e-06,False,
hsa-mir-548s,12.0,1.16484109459293,HGLibA_62062,1.12199144998591,HGLibA_62061,13,368.25,5.99108526512549e-06,False,
RNPS1,13.0,1.19777041236021,HGLibB_41679,1.12118043594792,HGLibB_41678,15,385.75,9.98514210854249e-06,False,
PSMB5,14.0,1.22804094995287,HGLibB_39063,1.11766031173555,HGLibB_39062,16,413.5,9.98514210854249e-06,False,
RPL10A,15.0,1.08825424988858,HGLibB_41803,1.08694461282513,HGLibB_41804,17,414.625,9.98514210854249e-06,False,
CRKL,16.0,1.20398259392996,HGLibA_11183,1.07994117898638,HGLibA_11182,18,431.25,9.98514210854249e-06,False,
APLNR,17.0,1.3178572582858,HGLibA_02437,1.06072580791973,HGLibA_02436,19,442.75,1.1982170530251e-05,False,
TAP1,18.0,1.99118894470755,HGLibB_48255,1.04921263386199,HGLibB_48257,21,509.25,1.5976227373668e-05,False,MHC-I presentation
COL17A1,19.0,1.38309110342364,HGLibA_10520,1.03696726605573,HGLibB_10509,22,546.25,1.9970284217085e-05,False,
RPL23,20.0,1.09191855458527,HGLibA_41904,1.03046255773686,HGLibA_41905,23,592.75,2.3964341060502e-05,False,
hsa-mir-1299,21.0,1.42178183253955,HGLibA_57676,0.99776337230617,HGLibA_57677,24,596.25,2.3964341060502e-05,False,
PLD3,22.0,1.00248728477704,HGLibB_36993,0.98214221954284,HGLibA_37040,25,599.0,2.59613694822105e-05,False,
RIPK1,23.0,1.04380786766384,HGLibB_41264,0.981470988252021,HGLibB_41265,26,608.0,2.7958397903919e-05,True,Necroptosis initiators
SUPT6H,24.0,1.07582094670185,HGLibB_47765,0.97449262248922,HGLibB_47767,28,617.0,2.99554263256275e-05,False,
RPL38,25.0,0.98771841418709,HGLibB_41917,0.96937040724657,HGLibA_41970,29,622.75,2.99554263256275e-05,False,
EEF2,26.0,1.10122685837326,HGLibB_14487,0.96861797644419,HGLibB_14486,30,626.0,2.99554263256275e-05,False,
KIF11,27.0,1.28012950688007,HGLibB_24816,0.966157358961761,HGLibA_24851,31,640.75,2.99554263256275e-05,False,
EQTN,28.0,1.15063939281353,HGLibA_15397,0.94851960056826,HGLibA_15399,32,687.625,4.19375968558785e-05,False,
RPL24,29.0,1.27691816803106,HGLibB_41856,0.9421535143684,HGLibB_41857,33,717.75,4.3934625277587e-05,False,
hsa-mir-654,30.0,1.34432980191315,HGLibA_62950,0.934913284605351,HGLibA_62949,34,723.5,4.99257105427124e-05,False,
MIPOL1,31.0,0.98983650130323,HGLibA_29296,0.93279580559735,HGLibB_29255,35,729.5,4.99257105427124e-05,False,
SEC61A1,32.0,1.29434807587381,HGLibB_43193,0.93230936517203,HGLibB_43195,36,780.25,5.99108526512549e-05,False,
TM4SF1,33.0,1.13088262767182,HGLibA_49690,0.92362382463132,HGLibB_49630,37,809.0,6.39049094946719e-05,False,
RBM18,34.0,0.94011638064603,HGLibA_40501,0.90425333630901,HGLibA_40499,38,817.75,6.39049094946719e-05,False,
NIPBL,35.0,1.15419767179977,HGLibB_31926,0.904203101983351,HGLibB_31925,39,837.75,6.59019379163804e-05,False,
TAF5,36.0,1.22471808338,HGLibA_48240,0.893606715766531,HGLibB_48180,40,849.0,7.18930231815059e-05,False,
EPS15L1,37.0,0.897807917705659,HGLibB_15349,0.889360934731671,HGLibA_15371,41,889.75,7.78841084466314e-05,False,
KCNMA1,38.0,1.01722783106353,HGLibA_24340,0.87518647990023,HGLibA_24339,43,931.75,8.38751937117569e-05,False,
GABPA,39.0,1.12248711198623,HGLibA_18346,0.8733530110454,HGLibB_18322,44,934.5,8.38751937117569e-05,False,
AURKA,40.0,1.51400018560491,HGLibA_03873,0.85784214125472,HGLibB_03871,45,938.25,8.38751937117569e-05,False,
KHDRBS1,41.0,1.26753043398958,HGLibB_24533,0.85025275851266,HGLibB_24532,46,1004.25,9.38603358202994e-05,False,
FAM86B1,42.0,0.99468099163653,HGLibB_16749,0.84827931463738,HGLibA_16774,47,1022.25,9.58573642420079e-05,False,
VHL,43.0,0.86900794022318,HGLibB_53581,0.84663361239136,HGLibA_53647,48,1036.0,9.78543926637164e-05,False,
PRPF40A,44.0,1.09478670282485,HGLibA_38735,0.83429555246304,HGLibB_38684,49,1050.25,0.000101848449507133,False,
DNTTIP2,45.0,1.12257330636614,HGLibB_13703,0.832774341051801,HGLibA_13721,50,1052.5,0.000101848449507133,False,
ASH2L,46.0,0.93936243554101,HGLibB_03294,0.8256174269989,HGLibB_03295,51,1053.0,0.000101848449507133,False,
RTF1,47.0,0.998440609398631,HGLibB_42329,0.82379088448457,HGLibB_42331,52,1056.5,0.000101848449507133,False,
ACTG1,48.0,0.94990276426514,HGLibB_00610,0.823273358255689,HGLibA_00612,53,1073.75,0.000103845477928842,False,
CASP8,49.0,0.94850846156442,HGLibA_07326,0.81673739138385,HGLibB_07318,54,1132.25,0.000115827648459093,True,ENTRY adaptors
SRPR,50.0,1.54212701784617,HGLibB_46971,0.815737205259601,HGLibA_47028,55,1133.0,0.000117824676880801,False,
FCHO2,51.0,0.88805112825997,HGLibB_17184,0.813325097765381,HGLibB_17183,57,1150.75,0.00011982170530251,False,
SLC25A51,52.0,1.02570957184216,HGLibB_44711,0.80925591541977,HGLibA_44764,58,1156.0,0.000121818733724218,False,
CCDC42B,53.0,0.89741290799763,HGLibA_07784,0.80708577637209,HGLibA_07783,59,1157.0,0.000121818733724218,False,
SLC1A7,54.0,0.85276505212078,HGLibA_44526,0.80705121767183,HGLibB_44472,60,1159.25,0.000121818733724218,False,
PSMA6,55.0,0.86110866571002,HGLibB_39037,0.80702821165632,HGLibB_39035,61,1179.25,0.000127809818989344,False,
FADD,56.0,0.917274818691619,HGLibB_15910,0.806927684331841,HGLibA_15932,62,1186.75,0.000127809818989344,True,ENTRY adaptors
hsa-mir-1268b,57.0,0.84821620655982,HGLibA_57500,0.80573750182954,HGLibA_57498,65,1212.625,0.000137794961097886,False,
ZNF716,58.0,0.91076505782101,HGLibB_56556,0.80201190354159,HGLibA_56623,66,1219.0,0.000139791989519595,False,
CMTM6,59.0,1.12784680843529,HGLibB_10214,0.79997099203887,HGLibA_10224,67,1232.75,0.000141789017941303,False,
BANK1,60.0,1.73767192684925,HGLibA_04146,0.7943443729301,HGLibB_04144,68,1239.25,0.000143786046363012,False,
FSHB,61.0,0.86786923470262,HGLibB_18063,0.789016314872049,HGLibB_18062,69,1258.75,0.000147780103206429,False,
SCMH1,62.0,1.0256362531092,HGLibA_42955,0.785980004770719,HGLibA_42957,70,1275.125,0.000149777131628137,False,
NUDT5,63.0,0.866424359674149,HGLibA_32983,0.784836660740869,HGLibA_32982,71,1289.625,0.000149777131628137,False,
STAT1,64.0,0.9347843824075,HGLibA_47380,0.784153344367279,HGLibA_47382,72,1291.75,0.000149777131628137,True,
RPL23A,65.0,1.0697118846886,HGLibB_41853,0.78372663305843,HGLibB_41854,73,1360.75,0.00015976227373668,False,
COL23A1,66.0,0.78863335600168,HGLibA_10546,0.777218781745461,HGLibB_10535,75,1373.5,0.000161759302158388,False,
RPL18A,67.0,1.15287860738441,HGLibA_41888,0.774481426650801,HGLibB_41837,76,1374.25,0.000161759302158388,False,
ACY1,68.0,0.82774372077988,HGLibA_00703,0.76981870102631,HGLibB_00702,77,1390.0,0.000173741472688639,False,
POU2F1,69.0,1.01410790309212,HGLibA_37756,0.769809901087,HGLibA_37755,78,1410.25,0.000175738501110348,False,
C22orf43,70.0,0.80842269056177,HGLibB_06075,0.76890342960734,HGLibA_06080,79,1429.0,0.000181729586375473,False,
FAM47C,71.0,1.06112561937212,HGLibB_16592,0.762611507994309,HGLibB_16591,80,1435.25,0.000183726614797182,False,
hsa-mir-1207,72.0,1.25551196869002,HGLibA_57281,0.75368630112107,HGLibA_57282,81,1436.5,0.000183726614797182,False,
ABCC9,73.0,0.753069861323549,HGLibA_00187,0.753064674868289,HGLibA_00189,82,1443.0,0.00018572364321889,False,
NHLRC3,74.0,1.27994983289768,HGLibA_31902,0.75220239703304,HGLibB_31859,83,1455.875,0.000189717700062307,False,
ANKLE2,75.0,1.05135112879145,HGLibB_01975,0.751357265509041,HGLibA_01976,84,1456.125,0.000189717700062307,False,
KCNRG,76.0,1.05663905288856,HGLibB_24346,0.751357265509041,HGLibA_24380,85,1458.5,0.000189717700062307,False,
CRTC3,77.0,0.75949820285542,HGLibB_11221,0.74964917014365,HGLibB_11222,86,1466.5,0.000191714728484016,False,
RPL18,78.0,0.79214353833453,HGLibB_41834,0.74669837730279,HGLibB_41833,87,1472.125,0.000195708785327433,False,
PMAIP1,79.0,0.965855912648411,HGLibB_37242,0.7442462536416,HGLibB_37243,90,1521.75,0.000221670154809643,False,
NIP7,80.0,0.92646168344049,HGLibA_31947,0.73979581053519,HGLibA_31946,91,1523.75,0.000221670154809643,False,
RPL9,81.0,0.87268790241741,HGLibA_42004,0.73892214593706,HGLibA_42005,92,1526.5,0.00022566421165306,False,
CLPSL2,82.0,0.91658266736414,HGLibA_10109,0.73580773764867,HGLibB_10101,93,1538.25,0.000233652325339894,False,
STK38,83.0,0.87915059036227,HGLibB_47444,0.73438987566445,HGLibA_47500,94,1595.75,0.000249628552713562,False,
AHSP,84.0,0.74732542401762,HGLibA_01322,0.73332890101576,HGLibB_01321,95,1611.625,0.000249628552713562,False,
MED19,85.0,0.805062304606429,HGLibB_28727,0.73332062507201,HGLibB_28729,96,1615.75,0.000251625581135271,False,
GPX8,86.0,0.94297927919555,HGLibB_20163,0.73266325091206,HGLibA_20190,97,1665.5,0.000259613694822105,False,
TCEAL7,87.0,1.0868065905769,HGLibA_48723,0.73002357391056,HGLibB_48663,99,1688.0,0.00026560478008723,False,
ELP5,88.0,1.05732138899144,HGLibA_14988,0.729193662419781,HGLibB_14964,101,1772.125,0.000299554263256275,False,
PSMB3,89.0,0.75320134920261,HGLibA_39106,0.72661791781195,HGLibB_39058,104,1825.75,0.000317527519051651,False,
RPS10,90.0,0.94178425288029,HGLibB_42007,0.725566147895019,HGLibB_42005,105,1863.125,0.000327512661160194,False,
CLECL1,91.0,0.95979351792145,HGLibA_10013,0.72494615343198,HGLibA_10011,106,1876.0,0.000329509689581902,False,
MBTPS2,92.0,0.98941888514858,HGLibA_28539,0.72491259431294,HGLibA_28538,107,1888.5,0.000331506718003611,False,
ARIH1,93.0,1.05194464312602,HGLibB_02909,0.72413074629962,HGLibA_02911,108,1895.25,0.000331506718003611,False,
PPIP5K2,94.0,0.81400974329839,HGLibB_37907,0.72316654453167,HGLibA_37956,109,1940.75,0.000351477002220696,False,
MED22,95.0,0.74682608622286,HGLibB_28738,0.72184724876177,HGLibA_28779,110,1943.0,0.000351477002220696,False,
hsa-mir-3929,96.0,1.78769485124271,HGLibA_59591,0.71726678865954,HGLibA_59592,111,1952.25,0.000353474030642404,False,
JAK1,97.0,0.89193336199665,HGLibB_23879,0.714833787801161,HGLibB_23880,113,1967.0,0.000357468087485821,True,
hsa-mir-4489,98.0,1.006956251414,HGLibA_60376,0.71483299158576,HGLibA_60374,114,1980.5,0.000361462144329238,False,
MAU2,99.0,1.22794889596422,HGLibA_28442,0.71178505441137,HGLibB_28402,115,1985.5,0.000361462144329238,False,
C11orf74,100.0,0.895616256604391,HGLibA_05183,0.7115994513189,HGLibB_05180,116,1986.375,0.000361462144329238,False,
ROM1,101.0,1.05652349287994,HGLibA_41753,0.70994985627925,HGLibA_41755,117,2004.25,0.000365456201172655,False,
HNRNPAB,102.0,1.08853844097913,HGLibB_21776,0.70740909395731,HGLibA_21804,118,2025.125,0.000375441343281198,False,
APH1A,103.0,0.717023668847021,HGLibB_02412,0.707256607266451,HGLibB_02410,119,2029.875,0.000375441343281198,False,
DHRS4L2,104.0,1.10169600299583,HGLibB_13123,0.7069716898214,HGLibA_13143,120,2033.0,0.000377438371702906,False,
RPTOR,105.0,0.803059521585539,HGLibB_42151,0.70577406090418,HGLibB_42149,121,2041.0,0.000381432428546323,False,
SP1,106.0,0.94557133549769,HGLibB_46226,0.70406248423142,HGLibA_46282,122,2050.125,0.000381432428546323,False,
hsa-mir-544b,107.0,0.86107582371974,HGLibA_61830,0.70372622156808,HGLibA_61828,123,2068.25,0.000387423513811449,False,
LRTM2,108.0,1.24263111548598,HGLibB_27462,0.69727999418894,HGLibA_27503,124,2083.5,0.000395411627498283,False,
hsa-mir-520a,109.0,1.58359294831223,HGLibA_61733,0.69703538205408,HGLibA_61736,125,2094.5,0.0003994056843417,False,
IRF2,110.0,0.77095469503256,HGLibA_23574,0.69514204105541,HGLibB_23541,127,2148.0,0.00042536705382391,False,
RAET1L,111.0,0.77751106930258,HGLibA_40125,0.688312790756711,HGLibA_40127,130,2228.5,0.000459316536992954,False,
hsa-mir-4467,112.0,0.87929627569437,HGLibA_60274,0.68778141161984,HGLibA_60276,131,2239.75,0.000467304650679788,False,
KANSL1L,113.0,0.75548813864373,HGLibB_24005,0.68659026230638,HGLibB_24006,132,2286.0,0.000475292764366622,False,
hsa-mir-4503,114.0,1.09956679822535,HGLibA_60437,0.68417441208328,HGLibA_60438,133,2323.5,0.000499257105427124,False,
INCENP,115.0,0.71218749995312,HGLibA_23277,0.68175447545228,HGLibB_23245,135,2355.75,0.000511239275957375,False,
RAD1,116.0,1.24477526472784,HGLibB_40003,0.680025346808629,HGLibB_40004,136,2356.25,0.000511239275957375,False,
SKA3,117.0,0.92437514768939,HGLibA_44266,0.67657849508293,HGLibA_44267,137,2356.5,0.000511239275957375,False,
IFNA8,118.0,1.29271380630221,HGLibA_22692,0.67491578324248,HGLibA_22693,138,2380.625,0.000521224418065918,False,
hsa-mir-6789,119.0,0.69640666570807,HGLibA_63335,0.67110053967054,HGLibA_63332,139,2416.0,0.000543191730704711,False,
TSR1,120.0,0.67432422685461,HGLibA_51994,0.669380567431689,HGLibB_51929,140,2432.375,0.000547185787548128,False,
ST18,121.0,0.7123012156149,HGLibA_47228,0.66872171810206,HGLibA_47227,141,2443.75,0.000553176872813254,False,
SFTPA2,122.0,0.763239523507361,HGLibA_43768,0.66773664829455,HGLibA_43769,142,2444.625,0.000553176872813254,False,
PTK7,123.0,0.70148849881624,HGLibB_39339,0.666196285653641,HGLibB_39338,143,2455.0,0.000557170929656671,False,
LILRA3,124.0,1.08852923025308,HGLibA_26495,0.66605515737571,HGLibB_26457,144,2473.625,0.000569153100186922,False,
SEMA6B,125.0,0.840229832289039,HGLibA_43368,0.66583395860026,HGLibB_43313,146,2488.0,0.000577141213873756,False,
GPN1,126.0,0.79528704740483,HGLibB_19798,0.66424420785667,HGLibB_19797,147,2505.0,0.000583132299138881,False,
MSN,127.0,0.83126907541302,HGLibB_30192,0.664011373545,HGLibA_30231,149,2552.5,0.000603102583355966,False,
SMARCB1,128.0,0.67177021804649,HGLibB_45566,0.66392927741017,HGLibB_45564,151,2561.25,0.000607096640199383,False,
RPL8,129.0,1.36566426237762,HGLibA_42003,0.66315740452081,HGLibB_41949,152,2561.25,0.000607096640199383,False,
RPL15,130.0,0.72155629977441,HGLibB_41823,0.66295935324691,HGLibA_41877,153,2568.75,0.000613087725464509,False,
FOXM1,131.0,0.913020740330651,HGLibB_17883,0.66253517583148,HGLibB_17884,154,2570.375,0.000615084753886217,False,
INPP4B,132.0,0.84760693088783,HGLibA_23341,0.658852018710411,HGLibA_23339,155,2578.25,0.00062506989599476,False,
KRTAP24-1,133.0,0.82783089393561,HGLibB_25690,0.65855820197617,HGLibB_25688,156,2585.625,0.000631060981259885,False,
TAF8,134.0,0.75154452176619,HGLibB_48199,0.65855820197617,HGLibB_48200,157,2586.0,0.000631060981259885,False,
OTC,135.0,1.1266985783888,HGLibA_34719,0.65830006252479,HGLibB_34673,158,2590.875,0.000637052066525011,False,
TBP,136.0,0.95318215809101,HGLibB_48563,0.6570443043495,HGLibB_48564,161,2651.0,0.000655025322320387,False,
VN1R1,137.0,0.872996191922939,HGLibB_53633,0.65542149853347,HGLibB_53632,162,2673.5,0.000672998578115764,False,
WDR74,138.0,0.713547481014341,HGLibB_54105,0.65519073265028,HGLibB_54107,164,2686.75,0.000678989663380889,False,
TCHHL1,139.0,0.71854190373715,HGLibA_48806,0.6545927815347,HGLibA_48807,165,2688.625,0.000678989663380889,False,
RPL3,140.0,0.67483775663797,HGLibB_41879,0.653961472522821,HGLibB_41877,166,2688.75,0.000678989663380889,False,
BRAF,141.0,0.95501267785556,HGLibB_04751,0.653055035011911,HGLibB_04750,167,2692.25,0.000680986691802598,False,
NR4A3,142.0,0.69356612180006,HGLibB_32588,0.65304005007671,HGLibB_32587,169,2722.5,0.000696962919176266,False,
CCP110,143.0,0.89448630405426,HGLibB_08132,0.65276407929562,HGLibA_08138,170,2730.625,0.000700956976019683,False,
SYTL2,144.0,0.67621954351696,HGLibA_48099,0.65248747924387,HGLibA_48098,171,2733.5,0.000700956976019683,False,
U2SURP,145.0,0.841372407326349,HGLibB_52435,0.652436909636291,HGLibA_52500,173,2768.625,0.000722924288658476,False,
TAF7,146.0,0.75132617299021,HGLibB_48192,0.65086530956688,HGLibB_48194,174,2776.75,0.000722924288658476,False,
NLGN3,147.0,1.11686513536441,HGLibA_32073,0.64984058982927,HGLibB_32031,175,2789.25,0.000734906459188727,False,
WAC,148.0,1.34219724631606,HGLibB_53871,0.6496666877852,HGLibA_53938,176,2792.875,0.000738900516032144,False,
hsa-mir-3925,149.0,1.11675012525884,HGLibA_59573,0.64772167879421,HGLibA_59572,177,2801.5,0.000740897544453853,False,
USP10,150.0,1.69225420982024,HGLibB_53127,0.64768745473118,HGLibA_53194,179,2824.75,0.000748885658140687,False,
ARHGEF18,151.0,0.74611357650011,HGLibB_02825,0.64765330326711,HGLibA_02829,182,2878.875,0.00077085297077948,False,
CENPF,152.0,0.736330340647981,HGLibB_09048,0.647135659921831,HGLibB_09047,183,2925.75,0.000792820283418274,False,
SULT1A1,153.0,0.83749469313323,HGLibB_47675,0.64665362514784,HGLibB_47673,184,2938.75,0.000796814340261691,False,
GLTSCR2,154.0,1.63227129639586,HGLibB_19333,0.64651321582446,HGLibA_19359,185,2939.25,0.000798811368683399,False,
NUP93,155.0,0.766379132007279,HGLibB_33032,0.64650768971061,HGLibB_33030,186,2954.75,0.000804802453948525,False,
SPRY4,156.0,0.647913527824041,HGLibB_46791,0.646080723106829,HGLibA_46846,187,2964.375,0.000804802453948525,False,
ELP4,157.0,0.770466631509469,HGLibA_14984,0.645643071439761,HGLibB_14962,188,2966.5,0.000804802453948525,False,
hsa-mir-1910,158.0,0.64842890907055,HGLibA_58047,0.645326654669209,HGLibA_58046,189,2983.25,0.000814787596057067,False,
VPS37D,159.0,0.95402575468299,HGLibA_53784,0.645074514162499,HGLibB_53718,190,2989.0,0.000818781652900484,False,
PSORS1C1,160.0,0.694924396876289,HGLibB_39167,0.64278199855239,HGLibA_39216,191,2992.625,0.000820778681322193,False,
CKMT1B,161.0,0.7243295939586,HGLibA_09780,0.64020654661591,HGLibA_09782,192,2994.625,0.000820778681322193,False,
TRAK1,162.0,0.80474552842227,HGLibB_51212,0.639540383367661,HGLibA_51277,193,3001.5,0.000826769766587318,False,
PROM2,163.0,0.97475862190004,HGLibA_38684,0.639064379709209,HGLibA_38682,194,3053.75,0.000860719249756363,False,
PSMD14,164.0,0.639742323214709,HGLibB_39114,0.63878172594498,HGLibA_39162,196,3078.75,0.000872701420286613,False,
LIMD1,165.0,0.69055480045181,HGLibA_26530,0.636584277104909,HGLibA_26532,197,3091.75,0.000884683590816865,False,
ZNF430,166.0,1.16601103221592,HGLibA_55979,0.63516446675624,HGLibB_55912,198,3093.0,0.000884683590816865,False,
GTF2H5,167.0,2.20176426678645,HGLibA_20562,0.634796942741211,HGLibA_20561,199,3112.625,0.000898662789768824,False,
WDR33,168.0,0.79170673881345,HGLibB_54001,0.63475083911087,HGLibB_54002,200,3113.0,0.000898662789768824,False,
EEF1B2,169.0,1.69296427431355,HGLibA_14496,0.63399357725384,HGLibB_14473,201,3163.75,0.0009166360455642,False,
MICALCL,170.0,0.72466174787341,HGLibA_29211,0.63399357725384,HGLibB_29168,202,3189.5,0.000932612272937868,False,
HIST1H2AI,171.0,0.69860115962139,HGLibA_21397,0.63362278300263,HGLibA_21396,203,3283.0,0.000986532040323998,False,
hsa-mir-4728,172.0,0.693093056872939,HGLibA_61009,0.633596756675541,HGLibA_61008,204,3288.75,0.000990526097167415,False,
CETN1,173.0,0.69738566179691,HGLibB_09226,0.63321606186753,HGLibA_09234,205,3292.25,0.000990526097167415,False,
OPCML,174.0,0.640853231458521,HGLibA_33413,0.63108976840552,HGLibB_33367,206,3312.0,0.00100250826769767,False,
hsa-mir-3197,175.0,0.9126579666885,HGLibA_58886,0.63021349420664,HGLibA_58884,207,3323.5,0.00101449043822792,False,
hsa-mir-487a,176.0,0.73904790016433,HGLibA_61343,0.6299987375606,HGLibA_61346,208,3335.75,0.00102247855191475,False,
RFPL4B,177.0,0.72379853612665,HGLibA_40945,0.62983150859669,HGLibA_40944,209,3353.25,0.00102846963717988,False,
CNTD1,178.0,0.70243882442509,HGLibA_10387,0.6297211641872,HGLibA_10386,210,3357.5,0.00103246369402329,False,
TXNL4A,179.0,0.65312127479552,HGLibB_52372,0.62950995772938,HGLibA_52439,212,3397.25,0.0010564280350838,False,
DNASE1L3,180.0,0.88661162020688,HGLibB_13643,0.62927850097765,HGLibA_13661,213,3411.25,0.00106441614877063,False,
UNC79,181.0,0.65234621236207,HGLibB_52963,0.62874549931631,HGLibA_53028,214,3413.75,0.00106441614877063,False,
TPST2,182.0,0.67507107166069,HGLibB_51143,0.62817938387799,HGLibB_51145,216,3450.75,0.00109836563193967,False,
hsa-mir-4484,183.0,0.72384087290145,HGLibA_60356,0.62790932135126,HGLibA_60354,217,3452.0,0.00109836563193967,False,
hsa-mir-7114,184.0,1.03382715933445,HGLibA_63824,0.6272414042907,HGLibA_63825,218,3462.0,0.00110235968878309,False,
MLEC,185.0,0.673464606924471,HGLibA_29369,0.62646057497061,HGLibB_29329,219,3482.5,0.00111434185931334,False,
ZC3H12C,186.0,0.68598879259995,HGLibA_54958,0.62616022354271,HGLibA_54959,222,3510.625,0.00114230025721726,False,
VPS8,187.0,0.74873305716422,HGLibA_53818,0.62591445207776,HGLibB_53751,224,3599.75,0.00118423785407314,False,
hsa-mir-4665,188.0,0.70382939824359,HGLibA_60773,0.62572561642075,HGLibA_60775,225,3609.875,0.00119622002460339,False,
NELFE,189.0,0.673101293584859,HGLibA_31680,0.62466473798027,HGLibB_31637,227,3619.5,0.00120620516671193,False,
ACAD9,190.0,0.79634696102968,HGLibA_00363,0.62325535672794,HGLibB_00362,229,3675.0,0.00124015464988098,False,
NCBP2,191.0,0.63034990214643,HGLibA_31283,0.62232204137234,HGLibB_31243,230,3690.375,0.0012461457351461,False,
C11orf85,192.0,0.69860789598677,HGLibA_05200,0.62193496071724,HGLibB_05196,231,3695.25,0.0012461457351461,False,
ANG,193.0,1.04408495671829,HGLibA_01892,0.62020098558342,HGLibA_01893,233,3713.5,0.00125812790567635,False,
hsa-mir-1273a,194.0,0.77957877268098,HGLibA_57532,0.61836473621186,HGLibA_57533,234,3713.875,0.00125812790567635,False,
JAK2,195.0,0.66315740452081,HGLibB_23883,0.61811883106626,HGLibA_23916,235,3715.0,0.00125812790567635,True,
ZNF154,196.0,0.71648329134346,HGLibB_55435,0.617104699303391,HGLibB_55433,236,3720.5,0.00125812790567635,False,
CHCHD7,197.0,0.88474421519546,HGLibA_09381,0.61675566239483,HGLibB_09373,237,3721.375,0.00125812790567635,False,
LPHN2,198.0,2.04265012099552,HGLibA_27090,0.6163995173875,HGLibA_27089,238,3741.875,0.0012681130477849,False,
USP31,199.0,0.66703149037674,HGLibA_53333,0.61613345251026,HGLibA_53332,239,3759.625,0.00128209224673686,False,
DSCR3,200.0,0.82528741857107,HGLibA_14008,0.61548962362271,HGLibA_14006,240,3773.375,0.00129407441726711,False,
STYXL1,201.0,0.6942735154281,HGLibA_47690,0.61532412482878,HGLibA_47691,241,3779.625,0.00130006550253223,False,
TMEM134,202.0,0.65155470435035,HGLibA_49946,0.61483982241819,HGLibA_49945,242,3784.0,0.00130006550253223,False,
RAD21,203.0,0.92847432515424,HGLibA_40064,0.61397031412408,HGLibB_40011,243,3784.125,0.00130006550253223,False,
ATXN2L,204.0,0.71113055481399,HGLibA_03840,0.6127344126267,HGLibA_03841,244,3829.25,0.00134999121307494,False,
PTPRQ,205.0,0.63468874050521,HGLibA_39528,0.61269743685601,HGLibA_39529,245,3829.75,0.00134999121307494,False,
NFIC,206.0,0.62014847756842,HGLibB_31762,0.61234198269174,HGLibA_31807,246,3840.875,0.00135398526991836,False,
RNF39,207.0,0.78911916323743,HGLibA_41672,0.611708742752829,HGLibB_41622,247,3859.875,0.00137195852571374,False,
NELFB,208.0,0.77063855435967,HGLibB_31630,0.61041109285931,HGLibA_31673,249,3876.25,0.00138394069624399,False,
IFNGR2,209.0,1.15190185201311,HGLibA_22712,0.61033273340697,HGLibB_22681,250,3885.0,0.00138793475308741,True,
LUZP4,210.0,0.78026241332794,HGLibA_27645,0.610132738317629,HGLibB_27605,251,3888.875,0.00139192880993082,False,
NID2,211.0,1.00345319159983,HGLibA_31926,0.609817215592869,HGLibB_31883,252,3913.25,0.00141389612256962,False,
CDC7,212.0,0.8191447196703,HGLibB_08589,0.60979068116808,HGLibB_08590,254,3935.5,0.00142388126467816,False,
HIST1H2BO,213.0,0.92124434418227,HGLibA_21452,0.60884572590304,HGLibB_21425,255,3937.75,0.00143186937836499,False,
EIF2S1,214.0,0.854725969469101,HGLibA_14752,0.60870759884867,HGLibA_14754,256,3961.5,0.00144984263416037,False,
SLC23A3,215.0,0.67056478587423,HGLibB_44559,0.60809523735848,HGLibA_44613,257,3976.0,0.00145982777626891,False,
hsa-mir-489,216.0,0.7792930284607,HGLibA_61358,0.60690733016514,HGLibA_61357,258,4022.25,0.00150575942996821,False,
SRP19,217.0,0.804409681338489,HGLibB_46945,0.606164968534149,HGLibA_47004,259,4025.5,0.00150775645838992,False,
AURKB,218.0,0.63444446229813,HGLibA_03880,0.60550097473776,HGLibB_03878,260,4048.75,0.00153371782787213,False,
STK40,219.0,0.681467024711029,HGLibA_47512,0.60540771971427,HGLibB_47455,261,4054.0,0.00153771188471554,False,
RPL35A,220.0,1.05415000485815,HGLibB_41896,0.60539894469077,HGLibB_41895,262,4071.625,0.00155568514051092,False,
ADM5,221.0,1.23483873139644,HGLibB_00997,0.60500020064766,HGLibA_00999,263,4078.75,0.00156167622577605,False,
PRG2,222.0,0.816784519196941,HGLibB_38404,0.60145797691291,HGLibA_38451,264,4143.875,0.0015976227373668,False,
RPS29,223.0,0.644859064643169,HGLibB_42081,0.60101772412285,HGLibB_42082,265,4149.25,0.0015976227373668,False,
FAM53B,224.0,0.7519014408699,HGLibB_16614,0.600557534345729,HGLibA_16637,266,4168.25,0.00161759302158388,False,
LBR,225.0,1.01207994267002,HGLibB_26044,0.60012567225469,HGLibA_26083,267,4178.75,0.0016215870784273,False,
MPG,226.0,0.60522239334498,HGLibB_29678,0.59999252695165,HGLibB_29679,268,4189.25,0.00162358410684901,False,
hsa-mir-4651,227.0,0.97929777309398,HGLibA_60712,0.59974159864893,HGLibA_60711,269,4211.125,0.00165953061843976,False,
RPLP1,228.0,0.798559018180319,HGLibB_41959,0.599694090038329,HGLibA_42012,270,4214.625,0.00166152764686147,False,
LDLRAD3,229.0,0.683805162540129,HGLibA_26246,0.5996208665125,HGLibA_26247,271,4231.25,0.00167750387423514,False,
ATP6V0C,230.0,0.79467784012059,HGLibB_03713,0.59939175262626,HGLibA_03714,272,4248.5,0.00168948604476539,False,
ZNF619,231.0,0.866769760147999,HGLibA_56402,0.59903116729091,HGLibA_56401,273,4253.0,0.00169747415845222,False,
GPR116,232.0,1.5520112802535,HGLibA_19864,0.59859428037386,HGLibA_19865,275,4271.75,0.00171145335740418,False,
EIF3L,233.0,0.77961835005242,HGLibB_14776,0.5984830243566,HGLibB_14777,276,4274.25,0.00171345038582589,False,
C5orf54,234.0,0.6407742462181,HGLibB_06403,0.598266239204579,HGLibA_06407,277,4298.5,0.00173142364162127,False,
FIP1L1,235.0,0.87005691039241,HGLibA_17534,0.597594046181969,HGLibA_17533,278,4309.25,0.00174540284057323,False,
RNF146,236.0,0.62830968118985,HGLibA_41536,0.59747607037485,HGLibA_41534,279,4321.875,0.00174540284057323,False,
TRIM23,237.0,0.79348470454603,HGLibB_51370,0.596560614958481,HGLibB_51372,280,4322.25,0.00174540284057323,False,
PLA2G4B,238.0,1.05052036771041,HGLibA_36903,0.59599481109679,HGLibB_36856,282,4377.125,0.0017853434090074,False,
SETD9,239.0,0.699485779259811,HGLibA_43665,0.59451676969061,HGLibA_43663,284,4382.25,0.00178734043742911,False,
AATF,240.0,0.92022667857726,HGLibA_00085,0.593818040275489,HGLibB_00087,285,4388.5,0.00179333152269423,False,
MYC,241.0,0.95806735849167,HGLibB_30621,0.59379106836374,HGLibB_30622,286,4417.0,0.00181130477848961,False,
CENPC1,242.0,0.68680912181369,HGLibB_09041,0.593685972501491,HGLibA_09049,287,4424.5,0.00182128992059815,False,
PSMC2,243.0,0.95740660184829,HGLibB_39082,0.59310923261026,HGLibB_39080,288,4433.375,0.00182528397744157,False,
B3GALT4,244.0,0.67170625872978,HGLibA_03959,0.5929841298072,HGLibB_03957,289,4453.0,0.00184126020481524,False,
WWTR1,245.0,0.672751942020731,HGLibB_54391,0.59233814144631,HGLibA_54456,290,4466.25,0.00184924831850207,False,
CALR,246.0,1.33882692837792,HGLibB_07040,0.592254919767259,HGLibA_07047,291,4520.0,0.00190117105746649,False,MHC-I presentation
SCAMP2,247.0,0.69081861139288,HGLibA_42838,0.59213621228995,HGLibB_42787,292,4538.5,0.00192513539852699,False,
C6orf52,248.0,0.82985529803392,HGLibB_06491,0.59154186608767,HGLibA_06495,293,4593.5,0.00195708785327433,False,
TGIF2LX,249.0,0.99233670705288,HGLibA_49248,0.591540680465569,HGLibB_49189,294,4631.75,0.00199103733644337,False,
RRAGA,250.0,0.736059221451151,HGLibB_42170,0.59119382895886,HGLibA_42223,295,4653.25,0.00201100762066046,False,
ZNF566,251.0,0.735797802964449,HGLibB_56194,0.59100181455532,HGLibA_56259,297,4678.5,0.00202498681961242,False,
RPL7A,252.0,0.87930511051563,HGLibB_41942,0.59074204666628,HGLibB_41943,298,4692.125,0.00203696899014267,False,
hsa-mir-6127,253.0,1.01979981129885,HGLibA_62657,0.59064247499614,HGLibA_62655,299,4733.25,0.00206293035962488,False,
ZKSCAN2,254.0,0.59121376122538,HGLibA_55348,0.59009239851274,HGLibA_55347,301,4776.25,0.00210486795648076,False,
hsa-mir-1236,255.0,0.89564068119777,HGLibA_57335,0.58967875572366,HGLibA_57333,302,4830.75,0.00215479366702347,False,
HECTD2,256.0,1.82197760219706,HGLibB_21069,0.58909535640927,HGLibA_21096,304,4843.75,0.00217476395124055,False,
ARID2,257.0,0.75335665332352,HGLibB_02887,0.589011530554281,HGLibB_02886,305,4855.25,0.00218674612177081,False,
RECQL4,258.0,0.868566455641971,HGLibA_40769,0.5886394495547,HGLibA_40771,306,4873.125,0.00219673126387935,False,
ERH,259.0,0.74336870144738,HGLibB_15455,0.58862362061664,HGLibA_15475,307,4882.0,0.00220272234914447,False,
AP2S1,260.0,0.730237602780201,HGLibA_02318,0.58779015515767,HGLibB_02316,308,4922.0,0.00223667183231352,False,
hsa-mir-410,261.0,0.69560080042129,HGLibA_59679,0.58681542806647,HGLibA_59678,310,4931.0,0.00224665697442206,False,
ZNF519,262.0,0.61136833092452,HGLibA_56156,0.58669313519226,HGLibB_56088,311,4948.5,0.0022566421165306,False,
hsa-mir-1303,263.0,0.85753440830754,HGLibA_57727,0.58662119790942,HGLibA_57728,312,4967.5,0.00227261834390427,False,
SV2B,264.0,0.75748624387548,HGLibA_47877,0.58658933439619,HGLibA_47876,313,4972.375,0.00227461537232598,False,
MLF1,265.0,0.69714356989978,HGLibB_29330,0.5858688716653,HGLibA_29371,317,5130.625,0.00240641924815874,False,
KLF2,266.0,0.6574652927205,HGLibB_25031,0.58539934199823,HGLibA_25066,319,5140.0,0.00241440736184557,False,
hsa-mir-4425,267.0,0.87639073128916,HGLibA_60086,0.58282207072525,HGLibA_60087,320,5166.75,0.00243238061764095,False,
TNFSF9,268.0,1.16990713341798,HGLibA_50829,0.58282207072525,HGLibA_50828,321,5208.75,0.0024683271292317,False,
TMEM230,269.0,1.28079415248874,HGLibB_50194,0.58194401580903,HGLibB_50195,322,5213.125,0.00247032415765341,False,
hsa-mir-4538,270.0,1.71817311388687,HGLibA_60615,0.581884288025051,HGLibA_60613,323,5232.625,0.00248829741344879,False,
C8orf59,271.0,0.7148430561744,HGLibA_06640,0.58172133530216,HGLibB_06636,324,5241.125,0.0024902944418705,False,
hsa-mir-153-1,272.0,1.15486134383693,HGLibA_57907,0.58134749831122,HGLibA_57908,325,5241.75,0.0024902944418705,False,
LAMB1,273.0,0.62774269656822,HGLibB_25919,0.580876892677391,HGLibA_25957,326,5357.0,0.00262609237454667,False,
RRP36,274.0,0.60356854643956,HGLibA_42278,0.58034063881612,HGLibB_42225,327,5360.75,0.00263008643139009,False,
MKI67IP,275.0,0.67715017857852,HGLibA_29327,0.5798186660812,HGLibA_29328,328,5363.75,0.00263008643139009,False,
hsa-mir-657,276.0,1.04023207581395,HGLibA_62962,0.57945501278307,HGLibA_62960,329,5395.25,0.00266203888613743,False,
SHISA4,277.0,0.95911686748282,HGLibA_44040,0.57905981510575,HGLibA_44039,330,5398.625,0.00266403591455914,False,
RNF20,278.0,0.91968692893103,HGLibB_41557,0.57776167660361,HGLibA_41610,331,5410.25,0.00267002699982426,False,
CDK20,279.0,1.08582722941325,HGLibB_08751,0.57762297760306,HGLibB_08752,332,5462.25,0.00271396162510185,False,
CRTC1,280.0,0.62387635216267,HGLibA_11227,0.577114181832981,HGLibA_11229,333,5524.0,0.00277786653459652,False,
hsa-mir-548e,281.0,0.64586027221734,HGLibA_61970,0.576317815669539,HGLibA_61969,334,5582.25,0.00283178630198265,False,
FARSB,282.0,0.62532593273948,HGLibA_16886,0.57620668393944,HGLibB_16862,335,5595.25,0.00285175658619973,False,
ITPR3,283.0,0.68099733771011,HGLibB_23825,0.57597733959927,HGLibA_23858,336,5621.0,0.00287971498410365,False,
URI1,284.0,0.68088057145542,HGLibA_53145,0.575716956394991,HGLibB_53081,338,5664.75,0.00292165258095953,False,
GTPBP3,285.0,0.6226572511378,HGLibB_20579,0.57533222602916,HGLibA_20607,339,5683.0,0.00293563177991149,False,
MAP3K5,286.0,1.24863928478829,HGLibA_28189,0.57509212810923,HGLibA_28190,340,5688.25,0.0029376288083332,False,
GRSF1,287.0,0.7133783760484,HGLibB_20353,0.57495752334689,HGLibB_20352,341,5688.25,0.0029376288083332,False,
hsa-mir-4639,288.0,0.74040653791873,HGLibA_60661,0.574884140766681,HGLibA_60659,342,5724.0,0.00298156343361079,False,
SPPL2C,289.0,0.68283876373933,HGLibA_46780,0.5745950098603,HGLibA_46782,343,5733.75,0.00300353074624958,False,
SPAG1,290.0,0.96540333193978,HGLibA_46342,0.57448239248074,HGLibB_46286,344,5740.25,0.00301151885993641,False,
CPSF4,291.0,1.24174342175835,HGLibB_10995,0.57437497532235,HGLibB_10994,345,5772.75,0.00305944754205742,False,
RBBP5,292.0,0.67759411733515,HGLibB_40380,0.57437497532235,HGLibB_40379,346,5783.75,0.00307342674100938,False,
hsa-mir-566,293.0,0.97223695825689,HGLibA_62222,0.57278322257728,HGLibA_62223,347,5787.5,0.00307342674100938,False,
BMP8A,294.0,0.622999697939949,HGLibA_04619,0.57193581295178,HGLibA_04620,348,5804.0,0.00308940296838305,False,
MYF6,295.0,0.96154603184109,HGLibA_30701,0.571763880424101,HGLibA_30699,349,5810.375,0.00309339702522646,False,
NR2F6,296.0,1.08354755771592,HGLibA_32615,0.571763880424101,HGLibA_32617,350,5938.25,0.00323518604316777,False,
LOC100862671,297.0,0.91837904695073,HGLibA_26878,0.57175726915971,HGLibB_26841,351,5946.25,0.0032431741568546,False,
HIST1H1A,298.0,0.64318430204342,HGLibA_21358,0.57149916732136,HGLibB_21329,352,6081.75,0.00338696020321761,False,
ATXN7L2,299.0,0.82433920458677,HGLibA_03854,0.5713086909873,HGLibB_03854,354,6138.5,0.00345685619797741,False,
SPATA2,300.0,0.768172499107299,HGLibB_46387,0.57072110849923,HGLibA_46444,356,6145.75,0.00346684134008595,True,
KPNA1,301.0,0.81849930920918,HGLibB_25319,0.56938785647909,HGLibA_25353,358,6202.5,0.00353074624958062,False,
CDC73,302.0,0.877772746774729,HGLibA_08599,0.568522812642621,HGLibB_08593,359,6227.5,0.00355870464748454,False,
FAM98B,303.0,1.10965665485297,HGLibA_16812,0.568013484734999,HGLibB_16788,360,6252.375,0.00358266898854505,False,
SEC11C,304.0,0.79755333757422,HGLibB_43132,0.567774791583489,HGLibA_43185,361,6264.75,0.0035946511590753,False,
FAM86C1,305.0,1.56216277870866,HGLibB_16757,0.56725550278027,HGLibA_16778,362,6279.375,0.00361062738644896,False,
HIVEP1,306.0,1.78249592596078,HGLibB_21538,0.56700216282274,HGLibB_21540,363,6293.5,0.00362660361382263,False,
LIMA1,307.0,0.59192097682649,HGLibA_26526,0.565122179845139,HGLibB_26488,364,6293.75,0.00362660361382263,False,
CAPN8,308.0,0.8832647996961,HGLibA_07179,0.56505043661822,HGLibA_07177,365,6318.0,0.00366055309699168,False,
PTF1A,309.0,0.866424359674149,HGLibA_39302,0.56429397990881,HGLibB_39253,366,6326.25,0.0036665441822568,False,
B3GAT3,310.0,0.661491652191439,HGLibB_03977,0.56357070084131,HGLibA_03977,367,6333.75,0.00367453229594364,False,
BARHL2,311.0,1.06274184662559,HGLibA_04160,0.56324590107697,HGLibA_04161,368,6345.0,0.00368651446647389,False,
NKX6-3,312.0,0.88264600739021,HGLibA_32061,0.56316175856282,HGLibA_32060,369,6346.25,0.00368651446647389,False,
FSD1,313.0,0.58867587645512,HGLibA_18077,0.56304855221195,HGLibA_18078,370,6368.5,0.00370448772226926,False,
KCNK5,314.0,1.45203175704548,HGLibB_24293,0.563024799244969,HGLibA_24326,371,6376.75,0.0037124758359561,False,
HIST1H2BF,315.0,0.87252960584769,HGLibA_21427,0.56297297138734,HGLibA_21426,372,6380.375,0.00372046394964293,False,
KANSL1,316.0,0.67380334778946,HGLibB_24001,0.5622619345021,HGLibB_24002,373,6387.0,0.00372645503490806,False,
ZNF433,317.0,1.02636262796714,HGLibA_55986,0.56062130296419,HGLibA_55987,374,6406.375,0.00374043423386002,False,
ORM1,318.0,0.57594619573554,HGLibA_34620,0.560461895192589,HGLibA_34618,375,6406.5,0.00374243126228172,False,
EIF4H,319.0,0.78151284120819,HGLibA_14848,0.56021217096166,HGLibB_14828,379,6523.0,0.00388422028022303,False,
SLC5A9,320.0,0.87206431136968,HGLibB_45234,0.56009034550845,HGLibA_45287,380,6540.25,0.00391816976339207,False,
GNL2,321.0,0.76389793956767,HGLibA_19547,0.560073193741189,HGLibB_19519,381,6563.0,0.00394013707603087,False,
hsa-mir-320e,322.0,1.32866513228266,HGLibA_58953,0.56000205373507,HGLibA_58951,382,6576.5,0.00396210438866966,False,
hsa-mir-4442,323.0,0.69757916572957,HGLibA_60169,0.56000205373507,HGLibA_60170,383,6576.625,0.00396210438866966,False,
RPP25L,324.0,0.76928552620422,HGLibB_41979,0.55970218923755,HGLibB_41980,384,6576.875,0.00396410141709137,False,
hsa-mir-877,325.0,0.64976251227916,HGLibA_64219,0.559599496748221,HGLibA_64218,385,6580.75,0.00396809547393479,False,
hsa-mir-6891,326.0,0.81558066527409,HGLibA_63748,0.55953765876221,HGLibA_63747,386,6589.25,0.00398207467288674,False,
HCLS1,327.0,0.658693460789491,HGLibB_20941,0.559129389429581,HGLibA_20969,387,6594.0,0.00398606872973016,False,
KRT37,328.0,0.724533104399749,HGLibA_25494,0.55903630167074,HGLibA_25495,388,6633.5,0.00403000335500775,False,
KRTAP5-1,329.0,0.76447700756331,HGLibA_25783,0.55840020683757,HGLibA_25782,389,6646.0,0.004041985525538,False,
LILRA1,330.0,0.79778888594144,HGLibB_26452,0.5582950079258,HGLibB_26453,391,6720.625,0.00412985477609317,False,
ELAVL1,331.0,0.650508255037781,HGLibB_14857,0.55795670529756,HGLibA_14879,392,6723.875,0.00413185180451488,False,
TMED5,332.0,0.81060507903647,HGLibB_49753,0.55765347274167,HGLibA_49815,393,6776.5,0.00416580128768393,False,
NAPG,333.0,0.61278769134947,HGLibB_31092,0.55609582884699,HGLibB_31093,394,6837.75,0.00423969133928714,False,
SNRPE,334.0,0.62852382009555,HGLibB_45929,0.55580220442058,HGLibB_45928,395,6844.25,0.00424568242455227,False,
MED16,335.0,0.92517257059419,HGLibB_28719,0.55524898024729,HGLibB_28720,396,6851.75,0.00424967648139568,False,
PPP4C,336.0,0.77262657243583,HGLibB_38152,0.554320173854021,HGLibB_38150,397,6862.25,0.00426365568034764,False,
C16orf3,337.0,0.977036214940719,HGLibA_05443,0.55386448344325,HGLibA_05445,398,6897.625,0.00431557841931206,False,
MPLKIP,338.0,1.43074221443853,HGLibA_29737,0.55365480672351,HGLibA_29738,399,6907.0,0.00432756058984232,False,
C6orf136,339.0,1.27530945661545,HGLibA_06445,0.55338414720307,HGLibB_06443,400,7032.625,0.00447534069304874,False,
CTBP1,340.0,0.745965151358759,HGLibB_11571,0.55266136499659,HGLibB_11572,401,7069.125,0.00451727828990462,False,
RPL21,341.0,0.93219856459937,HGLibA_41894,0.5524570882202,HGLibA_41896,402,7110.25,0.0045592158867605,False,
TTPAL,342.0,0.69080975148285,HGLibA_52225,0.55224755603239,HGLibB_52160,403,7140.375,0.00459516239835125,False,
PICALM,343.0,0.61090879637834,HGLibA_36523,0.552153584067479,HGLibB_36474,404,7142.5,0.0046071445688815,False,
RPLP0,344.0,1.24741262772671,HGLibB_41954,0.55168079717767,HGLibB_41955,405,7167.75,0.00464708513731567,False,
WDR4,345.0,0.72564951949218,HGLibA_54085,0.55162291426592,HGLibB_54018,406,7195.5,0.00466505839311105,False,
ERBB2IP,346.0,0.6238593142862,HGLibA_15417,0.55073352277406,HGLibA_15415,407,7211.0,0.00467504353521959,False,
CDK3,347.0,0.688038845674,HGLibA_08768,0.55066454404658,HGLibA_08767,409,7320.25,0.00480085632578723,False,
CWC22,348.0,0.76706587276415,HGLibA_11815,0.550400878182191,HGLibA_11816,410,7330.25,0.00481283849631748,False,
H2AFZ,349.0,0.63766324986999,HGLibA_20768,0.550019126558429,HGLibA_20770,411,7347.75,0.00483480580895627,False,
TAF1L,350.0,0.64733934574822,HGLibB_48166,0.54991560696694,HGLibB_48167,412,7355.75,0.00483879986579969,False,
COG8,351.0,0.70076799960203,HGLibB_10481,0.549107239928199,HGLibA_10492,413,7362.625,0.00485477609317336,False,
SPDEF,352.0,0.699865472151069,HGLibA_46568,0.549054920066399,HGLibA_46566,414,7414.0,0.00491468694582461,False,
SMC3,353.0,0.66883832990325,HGLibB_45596,0.54882759467744,HGLibA_45651,415,7430.75,0.00493066317319828,False,
CASP7,354.0,0.57300361088774,HGLibA_07322,0.54727569081364,HGLibB_07316,416,7449.5,0.00494863642899366,True,Apoptosis executioners
GPR112,355.0,0.614570558510199,HGLibB_19824,0.54660333047637,HGLibA_19851,418,7469.25,0.00499456808269295,False,
FARSA,356.0,0.84705600043007,HGLibA_16884,0.545618896995751,HGLibB_16859,419,7479.5,0.0050045532248015,False,
ZNF561,357.0,0.71103879437853,HGLibB_56178,0.5455495580323,HGLibA_56245,420,7482.5,0.00500854728164491,False,
OS9,358.0,1.22560751501759,HGLibA_34633,0.54553689353044,HGLibA_34634,421,7490.625,0.00501453836691004,False,
CAPZA3,359.0,0.778111013659101,HGLibB_07206,0.544807218061489,HGLibB_07205,425,7559.125,0.00509641653220009,False,
RUNX1T1,360.0,0.606349371465859,HGLibB_42404,0.54446558224109,HGLibA_42458,426,7596.875,0.00514833927116451,False,
ICAM1,361.0,1.30036980603482,HGLibB_22462,0.544233968765729,HGLibB_22463,427,7632.125,0.0051942709248638,False,
NHLRC4,362.0,0.58134749831122,HGLibA_31906,0.54412427225319,HGLibA_31905,428,7649.0,0.0052162382375026,False,
MYH9,363.0,0.58181690820215,HGLibA_30743,0.54371275324627,HGLibA_30742,430,7705.75,0.00528214017541898,False,
ZFYVE28,364.0,1.25884517682253,HGLibA_55291,0.54350108972859,HGLibA_55292,431,7707.5,0.00528613423226239,False,
CRCP,365.0,0.68659026230638,HGLibB_11069,0.543145082793219,HGLibB_11070,432,7745.75,0.00533206588596169,False,
PHF1,366.0,0.87574969968847,HGLibB_36282,0.54229719370379,HGLibA_36329,433,7796.25,0.00539597079545636,False,
RRS1,367.0,0.625069793503631,HGLibB_42236,0.54222945060524,HGLibB_42237,434,7810.5,0.00540994999440832,False,
S100G,368.0,0.84000130449866,HGLibA_42582,0.54192989506842,HGLibA_42580,435,7825.75,0.00542992027862541,False,
CYP4F11,369.0,0.68036415976743,HGLibA_12180,0.54118805285323,HGLibB_12169,436,7853.0,0.0054758519323247,False,
APOBEC2,370.0,0.691868770424461,HGLibB_02467,0.541161617322031,HGLibA_02469,437,7870.75,0.00550980141549375,False,
UBE2K,371.0,0.71578632534214,HGLibA_52625,0.54087468912204,HGLibB_52559,438,7871.25,0.00551179844391545,False,
MRPL14,372.0,0.67632900138537,HGLibA_29902,0.54026442883714,HGLibA_29903,439,7893.0,0.00553576278497596,False,
UCKL1,373.0,0.59147293490869,HGLibB_52751,0.54025390594148,HGLibA_52817,440,7911.25,0.00556571821130158,False,
SQSTM1,374.0,0.601845000293269,HGLibB_46862,0.53995628816733,HGLibB_46861,441,7927.625,0.00558169443867525,False,
PROL1,375.0,0.62112000902976,HGLibB_38627,0.53989255429528,HGLibA_38678,442,7951.25,0.00560965283657917,False,
LRFN3,376.0,0.60132430069486,HGLibA_27157,0.539819633179929,HGLibB_27117,443,7966.625,0.00563361717763967,False,
DYRK1A,377.0,0.56143058049827,HGLibA_14270,0.539719768929751,HGLibA_14271,444,8068.375,0.0057813972808461,False,
APMAP,378.0,0.65490705446161,HGLibB_02445,0.53927529107669,HGLibB_02443,445,8069.0,0.0057813972808461,False,
ZNF124,379.0,0.60538940439343,HGLibA_55455,0.53914052801223,HGLibB_55388,446,8072.875,0.00578539133768952,False,
MUC1,380.0,0.54176978623955,HGLibB_30478,0.53901924263712,HGLibA_30520,447,8094.25,0.00581734379243685,False,
BCORL1,381.0,0.982797679432791,HGLibA_04365,0.53898861749084,HGLibB_04363,448,8105.375,0.00585329030402761,False,
MITF,382.0,0.93660413809293,HGLibA_29319,0.53894166401876,HGLibB_29278,449,8118.75,0.00587326058824469,False,
SCD,383.0,1.52145146699596,HGLibA_42885,0.53885967724306,HGLibB_42831,450,8140.75,0.00588324573035323,False,
MAT2B,384.0,0.65056314264408,HGLibB_28379,0.53879769697979,HGLibA_28422,451,8155.625,0.00590920709983545,False,
UXS1,385.0,0.66951202727899,HGLibB_53414,0.53859798292525,HGLibA_53480,452,8161.25,0.0059211892703657,False,
GPBP1L1,386.0,0.789519554826589,HGLibA_19758,0.53835230978365,HGLibB_19730,453,8161.375,0.0059211892703657,False,
GNRH1,387.0,0.79892875460574,HGLibA_19581,0.538281325279979,HGLibA_19580,454,8167.5,0.00592718035563082,False,
HLA-F,388.0,0.57135950453163,HGLibB_21618,0.53823811961113,HGLibA_21645,455,8292.5,0.0061568386241273,False,
SUPT4H1,389.0,0.61797746503423,HGLibB_47760,0.53823811961113,HGLibA_47818,456,8306.25,0.00617880593676609,False,
TEX35,390.0,0.72347937545253,HGLibA_49101,0.53802856539504,HGLibB_49041,457,8340.5,0.00621475244835685,False,
CYP2A7,391.0,0.76057776849275,HGLibB_12096,0.53771807822388,HGLibA_12110,458,8375.375,0.00625868707363443,False,
COCH,392.0,0.96751808575035,HGLibB_10455,0.5368764969519,HGLibB_10457,459,8389.25,0.00627865735785152,False,
ZNF850,393.0,0.83109651658093,HGLibA_56872,0.53641041246947,HGLibB_56806,460,8448.25,0.00634655632418961,False,
QARS,394.0,0.74383024419173,HGLibA_39718,0.53631398519282,HGLibA_39717,461,8448.5,0.00634655632418961,False,
PRDX1,395.0,2.04342228029583,HGLibA_38407,0.53618435706956,HGLibA_38406,462,8464.25,0.00636652660840669,False,
MAP7D3,396.0,0.55354294789518,HGLibA_28240,0.53582527840704,HGLibB_28199,463,8471.875,0.00638050580735865,False,
SRP9,397.0,0.794272769084349,HGLibB_46958,0.53582527840704,HGLibB_46957,464,8476.625,0.00638250283578036,False,
CA9,398.0,0.57106913248858,HGLibB_06822,0.53580197795573,HGLibA_06826,465,8482.875,0.00638649689262378,False,
OR51Q1,399.0,0.53835768235453,HGLibA_34127,0.53549718016663,HGLibB_34083,466,8493.0,0.00639648203473232,False,
EVPL,400.0,0.548912068045539,HGLibB_15680,0.53528639546651,HGLibA_15702,467,8550.875,0.00648834534213091,False,
DPM2,401.0,0.5583170535074,HGLibA_13861,0.53528612367325,HGLibB_13840,468,8596.375,0.00655824133689071,False,
CTNNA1,402.0,0.71651425380212,HGLibB_11627,0.53499410500856,HGLibA_11637,469,8609.0,0.00658420270637292,False,
MED12,403.0,0.92230013004442,HGLibB_28702,0.53450119385881,HGLibA_28742,471,8630.0,0.00660217596216829,False,
TAF1,404.0,0.663971094834801,HGLibB_48137,0.53393309080223,HGLibA_48196,472,8644.0,0.00662414327480709,False,
F10,405.0,0.68128096902825,HGLibA_15842,0.533856636264,HGLibB_15820,473,8644.625,0.00662414327480709,False,
C5orf47,406.0,1.21973848690388,HGLibB_06389,0.53361276081018,HGLibB_06388,474,8664.25,0.00665409870113271,False,
RPL22L1,407.0,0.6290505754366,HGLibA_41901,0.532767135286409,HGLibA_41902,475,8697.125,0.00671001549694055,False,
hsa-mir-421,408.0,1.04907092272042,HGLibA_59692,0.53245188990013,HGLibA_59690,476,8722.625,0.00674995606537472,False,
MLL4,409.0,0.950468957631011,HGLibA_29402,0.5323883302164,HGLibB_29360,477,8765.75,0.00681386097486939,False,
LAMTOR5,410.0,0.982976789754179,HGLibB_25964,0.532329251887811,HGLibA_26000,478,8781.125,0.00683582828750819,False,
C12orf56,411.0,0.55479239861264,HGLibB_05262,0.5323123317105,HGLibA_05267,479,8792.125,0.00684781045803844,False,
MLYCD,412.0,0.62268988977671,HGLibB_29405,0.5323123317105,HGLibA_29447,480,8802.25,0.00686778074225552,False,
TMC3,413.0,0.66883832990325,HGLibB_49693,0.532250517199651,HGLibA_49753,481,8816.25,0.00688775102647261,False,
DHH,414.0,0.724851082734539,HGLibB_13090,0.531587595050111,HGLibA_13108,482,8860.5,0.00693767673701532,False,
ATP5J,415.0,0.68873795490831,HGLibB_03669,0.53128490028927,HGLibB_03667,483,8868.25,0.00695165593596728,False,
CCKAR,416.0,0.57651933997992,HGLibA_07955,0.5306105893548,HGLibB_07947,484,8884.0,0.00696763216334095,False,
TOR1AIP1,417.0,0.94850786398134,HGLibA_51018,0.530061616298219,HGLibB_50956,485,8895.125,0.00698360839071462,False,
hsa-mir-3064,418.0,0.57651933997992,HGLibA_58460,0.529992223739691,HGLibA_58461,487,9019.25,0.00715335580655984,False,
SEP9,419.0,0.87748989820078,HGLibB_43404,0.52987930277243,HGLibB_43405,488,9045.75,0.00718331123288547,False,
YY1,420.0,0.769488948860991,HGLibA_54756,0.52978006354171,HGLibA_54757,489,9066.75,0.00722924288658476,False,
CUL5,421.0,0.78695017525968,HGLibA_11789,0.529621354369881,HGLibA_11788,490,9069.25,0.0072372310002716,False,
RPL34,422.0,0.92902840309164,HGLibA_41943,0.529167028976089,HGLibB_41889,491,9136.0,0.00733508539293531,False,
FOXO3,423.0,0.73864727112527,HGLibA_17925,0.52864887435053,HGLibA_17924,492,9144.75,0.00735904973399581,False,
APOO,424.0,0.607209983716571,HGLibA_02551,0.528612106124861,HGLibB_02549,493,9150.625,0.00736304379083923,False,
NAA30,425.0,0.6026281983013,HGLibB_30945,0.52859025759041,HGLibB_30946,495,9171.5,0.00740098733085169,False,
TAPBPL,426.0,0.716255131783261,HGLibB_48264,0.528521914209069,HGLibA_48323,496,9175.5,0.00741097247296024,False,
CCL24,427.0,1.25451387324555,HGLibA_08004,0.52828340945819,HGLibB_07997,498,9212.5,0.00746289521192466,False,
TP53TG5,428.0,0.755825687109581,HGLibA_51089,0.52816309331019,HGLibB_51028,499,9228.875,0.00749285063825028,False,
hsa-mir-378f,429.0,0.89832036346399,HGLibA_59450,0.5277458176892,HGLibA_59449,500,9255.375,0.007542776348793,False,
hsa-mir-7856,430.0,0.8157955388261,HGLibA_64012,0.527276487714141,HGLibA_64013,501,9268.125,0.00757672583196204,False,
TIMP1,431.0,0.72842818098901,HGLibB_49474,0.52688412782228,HGLibA_49534,502,9351.625,0.00771052673621651,False,
E2F1,432.0,1.1516648724848,HGLibB_14285,0.5265865176317,HGLibA_14306,503,9369.5,0.00772849999201189,False,
hsa-mir-6516,433.0,0.558038177860181,HGLibA_62938,0.52645467854219,HGLibA_62939,504,9411.125,0.0078023900436151,False,
CCL27,434.0,0.53700339282165,HGLibA_08012,0.52636726229329,HGLibA_08011,505,9427.125,0.00782835141309731,False,
TLR5,435.0,0.69385350306259,HGLibA_49656,0.5260623966555,HGLibA_49654,506,9448.0,0.00786829198153148,False,
ZNF728,436.0,0.67075946973573,HGLibB_56570,0.52596896237436,HGLibA_56639,507,9477.25,0.00790823254996565,False,
LCE1A,437.0,0.75609847765694,HGLibB_26063,0.525736799504769,HGLibA_26099,508,9495.375,0.00794817311839982,False,
TAZ,438.0,0.78286807364102,HGLibB_48395,0.52557838602391,HGLibB_48396,509,9530.75,0.00801806911315962,False,
MED24,439.0,0.66605515737571,HGLibB_28743,0.52556768938734,HGLibA_28784,511,9537.625,0.00802605722684645,False,
MYO1B,440.0,0.64522648690306,HGLibA_30824,0.52549608422202,HGLibA_30822,512,9537.75,0.00802605722684645,False,
ZSCAN18,441.0,0.56813665621568,HGLibB_56926,0.52410158872893,HGLibA_56992,513,9546.0,0.008036042368955,False,
LINGO3,442.0,0.54259670999886,HGLibB_26553,0.52392646469479,HGLibA_26592,514,9552.25,0.0080380393973767,False,
RPL13,443.0,0.86290157548998,HGLibB_41816,0.523657734588131,HGLibA_41869,517,9619.25,0.00816984327320947,False,
FZD4,444.0,0.54574402665281,HGLibB_18248,0.523424605067411,HGLibB_18246,518,9657.0,0.00821377789848705,False,
AMZ2,445.0,0.59338951384056,HGLibB_01856,0.52335282648908,HGLibB_01858,519,9691.875,0.00825571549534293,False,
PRSS23,446.0,0.622655104328421,HGLibA_38918,0.523083722201219,HGLibA_38917,520,9701.25,0.00827368875113831,False,
RPAP2,447.0,0.54882664329139,HGLibB_41766,0.52288211315561,HGLibA_41817,521,9739.25,0.00833160257536785,False,
TRAF1,448.0,0.90374379664071,HGLibA_51241,0.52248791032175,HGLibA_51239,523,9756.5,0.00837354017222373,False,
GLIPR1L2,449.0,0.5940672015027,HGLibB_19241,0.5214021372411,HGLibA_19265,524,9786.25,0.00842146885434474,False,
C16orf72,450.0,0.58766694329054,HGLibB_05474,0.5210303187141,HGLibA_05476,525,9875.75,0.008577237071238,False,
QKI,451.0,0.60008766376238,HGLibB_39673,0.52067926983109,HGLibA_39723,526,9906.625,0.00863714792388925,False,
LAIR1,452.0,0.939066452021081,HGLibB_25894,0.52005578778003,HGLibA_25931,527,9936.5,0.00869306471969709,False,
ZNF689,453.0,0.84336281212186,HGLibB_56479,0.52005578778003,HGLibA_56545,528,9955.625,0.00872102311760101,False,
PSMC4,454.0,0.71545648820371,HGLibB_39091,0.51983470897691,HGLibA_39140,530,10002.0,0.00879491316920422,False,
CCDC151,455.0,0.726698615527591,HGLibB_07641,0.51973936112142,HGLibA_07647,531,10054.125,0.00887679133449427,False,
MAP4K2,456.0,0.82464373164335,HGLibB_28174,0.519419496194249,HGLibB_28172,532,10108.5,0.00898463086926653,False,
OIP5,457.0,0.69552897773097,HGLibA_33333,0.51939013371529,HGLibA_33332,533,10259.25,0.00929217324620964,False,
GMIP,458.0,0.83205053297169,HGLibB_19382,0.519241380045949,HGLibA_19408,534,10370.25,0.00949786717364562,False,
TCEB3,459.0,0.535908665718511,HGLibA_48739,0.51919111631363,HGLibB_48680,535,10405.25,0.00956776316840541,False,
SELT,460.0,0.576317815669539,HGLibA_43312,0.51910968144759,HGLibB_43261,536,10469.375,0.0096576294473823,False,
KANSL2,461.0,0.62299750526918,HGLibA_24041,0.518969764307251,HGLibA_24043,537,10504.125,0.00972153435687697,False,
POU1F1,462.0,0.78155602706455,HGLibA_37750,0.5189518446512,HGLibB_37701,539,10542.375,0.00979742143690189,False,
SLC4A7,463.0,2.01671629261745,HGLibA_45226,0.51871673059773,HGLibA_45225,540,10603.25,0.00991924017062611,False,
TMEM209,464.0,0.555333659760129,HGLibB_50145,0.518023303731541,HGLibA_50205,541,10733.0,0.0101289281549055,False,
SMARCA5,465.0,0.56196566730908,HGLibA_45612,0.517946583971069,HGLibB_45557,542,10770.5,0.0102128033486173,False,
MCM10,466.0,0.8518600447374,HGLibA_28602,0.51765069591979,HGLibA_28600,543,10785.0,0.0102547409454731,False,
FLCN,467.0,0.533531237073809,HGLibB_17583,0.5176284196142,HGLibA_17605,544,10790.875,0.0102667231160034,False,
WBSCR22,468.0,0.55584440943121,HGLibB_53930,0.5175693078022,HGLibA_53994,546,10835.0,0.0103426101960283,False,
CFDP1,469.0,1.35595295876945,HGLibA_09258,0.51749577736383,HGLibA_09256,547,10854.875,0.0103685715655105,False,
RPS19,470.0,0.5916336376232,HGLibB_42043,0.51749577736383,HGLibA_42096,548,10886.25,0.0104344735034269,False,
MED23,471.0,0.73288968972595,HGLibA_28781,0.517350661696909,HGLibA_28780,550,11028.25,0.0107539980509003,False,
MAGEC3,472.0,0.59286243659186,HGLibA_27964,0.517105274886791,HGLibA_27966,551,11029.75,0.010755995079322,False,
TOMM6,473.0,0.78259982034609,HGLibA_50976,0.51688073033751,HGLibB_50912,552,11123.0,0.0109317335804323,False,
hsa-mir-611,474.0,0.64037501043575,HGLibA_62636,0.51685812055429,HGLibA_62634,553,11148.75,0.0109876503762402,False,
HIST1H2AC,475.0,0.60545524467429,HGLibA_21381,0.51609605530084,HGLibB_21353,554,11151.5,0.0109936414615053,False,
PAM16,476.0,0.82644966073683,HGLibB_35040,0.51609605530084,HGLibB_35038,555,11215.75,0.0111374275078683,False,
SYVN1,477.0,0.86660566103852,HGLibA_48111,0.516056117069779,HGLibA_48110,556,11258.125,0.0112392759573754,False,
MADCAM1,478.0,0.73566947443769,HGLibA_27854,0.51603962568759,HGLibA_27853,557,11277.75,0.0112772194973879,False,
PODN,479.0,0.56964369119861,HGLibA_37453,0.51584173796645,HGLibA_37454,558,11377.25,0.0114249996005943,False,
ELP2,480.0,0.527257528173981,HGLibB_14955,0.51576742913562,HGLibA_14979,559,11401.25,0.0114669371974502,False,
EIF3D,481.0,0.689615557781821,HGLibA_14773,0.51569504745521,HGLibA_14774,560,11414.125,0.0114928985669324,False,
PRMT2,482.0,0.90559638838557,HGLibA_38622,0.515670336114289,HGLibB_38573,561,11455.75,0.0116027351301264,False,
CLDN22,483.0,0.84338335776272,HGLibB_09873,0.51550556144647,HGLibA_09884,562,11476.75,0.0116526608406691,False,
hsa-mir-4675,484.0,0.572411832659339,HGLibA_60815,0.51544345672192,HGLibA_60816,563,11584.25,0.0119022893933826,False,
hsa-mir-1321,485.0,0.523657734588131,HGLibA_57758,0.51519395090757,HGLibA_57761,565,11682.75,0.0120979981787101,False,
AVPR2,486.0,0.53926127098432,HGLibA_03908,0.51515937791973,HGLibA_03909,566,11822.0,0.0123835732430144,False,
hsa-mir-3936,487.0,0.69570524320525,HGLibA_59604,0.51505493135435,HGLibA_59606,567,11832.0,0.0124055405556532,False,
RARG,488.0,0.57651933997992,HGLibA_40279,0.51453851915991,HGLibB_40226,568,11837.25,0.0124115316409183,False,
STX17,489.0,0.93672385609596,HGLibB_47570,0.514440556717671,HGLibA_47626,569,11871.0,0.0125053919767386,False,
ATP6V1G3,490.0,0.618976901714641,HGLibA_03762,0.51432566936266,HGLibA_03764,570,11909.0,0.012571293914655,False,
SULT1E1,491.0,0.60187525274797,HGLibA_47755,0.51419703022453,HGLibA_47756,571,11936.0,0.012653172079945,False,
CENPQ,492.0,0.80002499068264,HGLibA_09084,0.514041626781109,HGLibB_09075,573,11998.5,0.0127889700126212,False,
LYPD1,493.0,0.54554673994381,HGLibA_27712,0.51390773704582,HGLibA_27713,574,12107.875,0.0130385985653348,False,
HOXC11,494.0,0.53562930534213,HGLibA_21960,0.51377072642652,HGLibA_21959,575,12148.625,0.0131164826737814,False,
hsa-mir-4700,495.0,1.11006021896482,HGLibA_60910,0.513765730502559,HGLibA_60909,576,12172.375,0.0131803875832761,False,
KRTAP23-1,496.0,0.53706765829527,HGLibA_25721,0.51356495674635,HGLibB_25685,577,12177.125,0.0131863786685412,False,
ZNF415,497.0,0.88168997891231,HGLibB_55875,0.51348870606681,HGLibB_55874,578,12225.0,0.0132682568338313,False,
SAMD15,498.0,0.55853685449401,HGLibB_42623,0.51309931798321,HGLibB_42625,579,12234.5,0.0132882271180483,False,
TFRC,499.0,0.840351893606541,HGLibB_49136,0.51301137570826,HGLibA_49197,580,12294.5,0.0134180339654594,False,
LEF1,500.0,0.51574257537405,HGLibA_26272,0.51258046749591,HGLibB_26234,581,12304.5,0.0134400012780982,False,
SOAT2,501.0,0.78092614251134,HGLibA_46116,0.51258013033207,HGLibB_46061,582,12310.5,0.0134539804770502,False,
MNF1,502.0,0.81088421175505,HGLibA_29570,0.512400305137451,HGLibB_29528,583,12329.5,0.013495918073906,False,
ALDH3B2,503.0,0.679344604971719,HGLibB_01568,0.51209754519565,HGLibB_01570,584,12348.875,0.0135258735002317,False,
TNIK,504.0,1.08119223925806,HGLibB_50770,0.51190025343714,HGLibA_50833,585,12353.75,0.0135378556707619,False,
STAM,505.0,0.836744527219079,HGLibA_47329,0.51173737413092,HGLibB_47274,586,12410.75,0.0136756506318598,False,
MT1B,506.0,1.1594259895622,HGLibB_30239,0.51125022794808,HGLibA_30280,587,12423.0,0.0137076030866071,False,
UBL5,507.0,0.54147590334738,HGLibB_52647,0.51119590827386,HGLibB_52646,588,12424.75,0.0137115971434505,False,
OTOA,508.0,0.68408264613709,HGLibA_34723,0.510033411078131,HGLibB_34676,589,12455.375,0.0137755020529452,False,
TARS,509.0,0.53658117011867,HGLibA_48346,0.50999864170217,HGLibB_48287,590,12473.75,0.0138154426213794,False,
ODC1,510.0,0.66054402466102,HGLibA_33272,0.50995478903789,HGLibA_33271,591,12505.75,0.0138753534740306,False,
IARS,511.0,0.72861011953244,HGLibB_22441,0.50965638379972,HGLibA_22472,592,12537.0,0.0139212851277299,False,
CR2,512.0,0.5478178805084,HGLibA_11050,0.50943335488122,HGLibA_11052,594,12559.5,0.0139492435256339,False,
IRAK3,513.0,0.70454563518935,HGLibB_23528,0.50921529149992,HGLibA_23561,595,12588.5,0.0140151454635502,False,
CAPN11,514.0,0.78454350394819,HGLibA_07147,0.509048685464581,HGLibA_07148,596,12715.0,0.0142767561867941,False,
DOK7,515.0,0.57190031412151,HGLibB_13765,0.50861653932968,HGLibA_13784,597,12740.125,0.0143286789257585,False,
TCF24,516.0,0.59272561293362,HGLibA_48780,0.50835230147083,HGLibB_48720,598,12754.125,0.0143686194941926,False,
SLC2A3,517.0,1.09286422698587,HGLibA_44874,0.50802878654678,HGLibA_44872,600,12854.0,0.0145902896490023,False,
hsa-mir-1289-2,518.0,1.27994983289768,HGLibA_57623,0.50791780817661,HGLibA_57626,601,12866.5,0.0146142539900628,False,
PCDHB7,519.0,0.60578594406642,HGLibB_35460,0.50791400792223,HGLibA_35507,602,12876.5,0.0146282331890147,False,
OBSCN,520.0,0.60968456493861,HGLibB_33188,0.50772959540132,HGLibA_33231,603,12879.0,0.0146362213027016,False,
OR52I2,521.0,1.05541996986365,HGLibB_34130,0.507584852537691,HGLibB_34131,604,12905.875,0.0146901410700877,False,
TSTD2,522.0,0.58040497864654,HGLibA_52034,0.50736126998841,HGLibB_51968,605,12907.625,0.0146901410700877,False,
SUGP2,523.0,0.6473624225708,HGLibA_47719,0.50731560409477,HGLibB_47662,606,12946.75,0.014784001405908,False,
ALG10B,524.0,0.58005330283897,HGLibB_01606,0.50709297604693,HGLibB_01604,607,13020.25,0.0149517517933315,False,
KIAA1257,525.0,0.72621856791066,HGLibB_24697,0.50704823766566,HGLibA_24729,608,13022.25,0.0149557458501749,False,
hsa-mir-328,526.0,0.93443377713497,HGLibA_58977,0.50696428475633,HGLibA_58974,609,13059.25,0.0150436151007301,False,
RPL10,527.0,0.9665168670666,HGLibB_41801,0.50675054862897,HGLibB_41799,610,13061.25,0.0150496061859952,False,
KIF20B,528.0,0.51697148225085,HGLibA_24896,0.50667681594326,HGLibA_24895,611,13168.75,0.0153092198808173,False,
TMEM14C,529.0,0.85379999196546,HGLibA_49985,0.50662812353574,HGLibB_49925,612,13174.625,0.0153231990797693,False,
PPARD,530.0,0.51257454211832,HGLibA_37841,0.50659612817385,HGLibB_37791,613,13272.25,0.0155588484335309,False,
RGP1,531.0,0.79276938242202,HGLibB_40972,0.50631552891046,HGLibA_41021,614,13294.125,0.0155987890019651,False,
TLR10,532.0,0.93243071693374,HGLibB_49584,0.505904550744931,HGLibB_49583,616,13308.625,0.0156327384851341,False,
LMBR1L,533.0,0.60773407870703,HGLibB_26636,0.50579550391431,HGLibB_26634,617,13328.0,0.0156806671672551,False,
HSD17B13,534.0,0.64314275178257,HGLibB_22151,0.5057939182146,HGLibA_22182,618,13358.125,0.0157425750483281,False,
SULT1A3,535.0,0.6069258150261,HGLibB_47681,0.505548368886648,HGLibB_47679,619,13425.25,0.0158923521799562,False,
RALGDS,536.0,0.618560604031241,HGLibA_40166,0.50545054247221,HGLibA_40165,620,13437.75,0.0159183135494384,False,
CCNDBP1,537.0,0.94134651506712,HGLibA_08080,0.50537247512002,HGLibB_08075,621,13442.625,0.0159223076062819,False,
C6orf106,538.0,0.51300942102653,HGLibB_06430,0.50406466491391,HGLibA_06434,623,13543.625,0.016133992618983,False,
CXXC1,539.0,0.690275147188751,HGLibA_11966,0.5038761230179,HGLibB_11952,624,13545.75,0.0161379866758264,False,
FAM115A,540.0,0.52702056221033,HGLibA_16035,0.50383700619258,HGLibB_16013,625,13558.375,0.0161599539884652,False,
SLC1A5,541.0,0.59842663688802,HGLibB_44467,0.50350478316564,HGLibA_44518,626,13567.0,0.0161779272442605,False,
HGSNAT,542.0,0.77672019742076,HGLibB_21220,0.50285688325404,HGLibB_21221,627,13595.0,0.0162398351253335,False,
BLCAP,543.0,0.52725424047211,HGLibA_04539,0.50283088352784,HGLibB_04536,628,13655.5,0.0164055884843353,False,
CPSF7,544.0,0.562178713037599,HGLibB_11004,0.50262273888017,HGLibA_11014,629,13671.0,0.0164475260811912,False,
SLC4A10,545.0,0.61708308893259,HGLibA_45205,0.502020227857421,HGLibA_45204,630,13676.0,0.0164615052801431,False,
GPSM3,546.0,0.664217236382551,HGLibA_20160,0.501710694545642,HGLibB_20133,631,13700.5,0.0165234131612161,False,
TBXAS1,547.0,0.627410013865449,HGLibB_48624,0.501441398182751,HGLibA_48683,632,13741.375,0.016613279440193002,False,
C6orf1,548.0,0.521460045399629,HGLibA_06427,0.50127890389541,HGLibB_06425,633,13744.0,0.016627258639145,False,
ATP6V0E1,549.0,0.621338500941231,HGLibB_03722,0.500748069735439,HGLibB_03721,634,13751.125,0.0166392408096752,False,
TOPAZ1,550.0,0.53195137662012,HGLibB_50942,0.50061864163693,HGLibA_51007,635,13770.125,0.0166911635486396,False,
C9orf123,551.0,0.78752241012947,HGLibA_06670,0.50059580859741,HGLibA_06671,636,13791.75,0.0167450833160258,False,
NAT14,552.0,0.51385586821833,HGLibA_31169,0.500536329665209,HGLibB_31127,638,13839.75,0.0168429377086895,False,
hsa-mir-4443,553.0,1.02523023270204,HGLibA_60175,0.50052042487421,HGLibA_60176,639,13923.875,0.017044637579282,False,
PRTN3,554.0,1.44663470168571,HGLibA_38983,0.50025357648378,HGLibB_38933,640,13967.5,0.0171524771140543,False,
