ген,орган,здоровая,пациент,органоид,2D,группа
BID,желудок,-5.8403167724609375,2.3801803588867188,-4.389640808105469,0.24849319458007812,ENTRY adaptors
CASP10,желудок,27.041690826416016,30.90747833251953,10.133249282836914,0.2793903350830078,ENTRY adaptors
CASP8,желудок,0.0,12.462387084960938,2.609874725341797,-0.17193222045898438,ENTRY adaptors
FADD,желудок,-19.1220703125,-11.715560913085938,-1.0168190002441406,-0.2189483642578125,ENTRY adaptors
TRADD,желудок,7.702018737792969,16.37115478515625,12.834463119506836,-0.11282730102539062,ENTRY adaptors
FAS,желудок,-6.0203094482421875,-16.399364471435547,10.963357925415039,0.12827682495117188,ENTRY receptors
TNFRSF10A,желудок,0.7830886840820312,4.057867050170898,2.901355743408203,-0.16454505920410156,ENTRY receptors
TNFRSF10B,желудок,18.805068969726562,-4.991405487060547,4.4608306884765625,-0.11014556884765625,ENTRY receptors
TNFRSF1A,желудок,0.0,1.4224700927734375,1.2505378723144531,0.38147735595703125,ENTRY receptors
BCL2,желудок,17.2818603515625,-9.89281177520752,-3.9719009399414062,0.026865005493164062,BRAKES
BCL2L1,желудок,1.7623062133789062,-2.999408721923828,3.982646942138672,0.20819854736328125,BRAKES
BIRC2,желудок,5.918220520019531,6.916236877441406,-0.5117645263671875,0.056415557861328125,BRAKES
BIRC3,желудок,29.671714782714844,36.62959671020508,14.817054748535156,-0.016119003295898438,BRAKES
CFLAR,желудок,22.64398956298828,21.41360855102539,3.358043670654297,0.5050506591796875,BRAKES
MCL1,желудок,11.56781005859375,7.501880645751953,0.6064643859863281,0.14372634887695312,BRAKES
TNFAIP3,желудок,29.270095825195312,38.70083999633789,3.870485305786133,0.018808364868164062,BRAKES
XIAP,желудок,20.36992645263672,27.624650955200195,4.237857818603516,-0.3304309844970703,BRAKES
CASP3,желудок,7.90216064453125,3.3177528381347656,3.4346160888671875,-0.2538719177246094,Apoptosis executioners
CASP6,желудок,-2.5171966552734375,1.3083000183105469,7.8538055419921875,0.2686424255371094,Apoptosis executioners
CASP7,желудок,5.198249816894531,10.227272033691406,5.3836212158203125,-0.2793846130371094,Apoptosis executioners
APAF1,желудок,10.536216735839844,20.474695205688477,3.8738441467285156,-0.0496978759765625,Apoptosis initiators
BAK1,желудок,-19.343711853027344,2.0618438720703125,8.841068267822266,0.057758331298828125,Apoptosis initiators
BAX,желудок,-5.5569000244140625,-5.239898681640625,0.5843048095703125,-0.033580780029296875,Apoptosis initiators
CASP9,желудок,-6.1962738037109375,-6.463573455810547,9.360895156860352,0.05372810363769531,Apoptosis initiators
CYCS,желудок,4.698585510253906,2.1437759399414062,0.28879547119140625,-0.0402984619140625,Apoptosis initiators
DIABLO,желудок,-49.06243133544922,-61.468406677246094,2.0161705017089844,-0.10208511352539062,Apoptosis initiators
MLKL,желудок,-1.5984306335449219,0.3344612121582031,-0.39087677001953125,0.4110240936279297,Necroptosis executioners
PGAM5,желудок,-28.254615783691406,-12.573875427246094,-2.695842742919922,-0.2807273864746094,Necroptosis executioners
RIPK1,желудок,27.350631713867188,8.920318603515625,6.396411895751953,0.12760543823242188,Necroptosis initiators
RIPK3,желудок,16.121322631835938,22.72727394104004,18.835966110229492,0.6528034210205078,Necroptosis initiators
ZBP1,желудок,5.789276123046875,28.259994506835938,15.506125450134277,0.0,Necroptosis initiators
GSDMB,желудок,22.90457534790039,37.75655746459961,31.501182556152344,0.0416412353515625,Pyroptosis executioners
GSDMD,желудок,3.86444091796875,12.095695495605469,2.8019561767578125,-0.10342788696289062,Pyroptosis executioners
GSDME,желудок,-22.703096389770508,-5.328550338745117,-10.227272033691406,0.08059501647949219,Pyroptosis executioners
AIM2,желудок,0.0,2.7039003372192383,-12.45970344543457,0.1920795440673828,Pyroptosis initiators
CASP1,желудок,11.95196533203125,14.950033187866211,10.310548782348633,-0.35997962951660156,Pyroptosis initiators
CASP4,желудок,4.397705078125,9.240009307861328,7.0250396728515625,-0.18133163452148438,Pyroptosis initiators
CASP5,желудок,0.0,12.845208168029785,23.05770492553711,0.0,Pyroptosis initiators
NLRC4,желудок,0.0,-15.786186218261719,0.830108642578125,0.43520450592041016,Pyroptosis initiators
NLRP3,желудок,3.5756492614746094,22.034170150756836,0.0,0.0,Pyroptosis initiators
PYCARD,желудок,0.0,24.678970336914062,26.4547061920166,0.018804550170898438,Pyroptosis initiators
CD274,желудок,-10.654415130615234,-17.972274780273438,-5.1982574462890625,-0.7723503112792969,Inhibitory signals
CD47,желудок,6.8504180908203125,9.162101745605469,4.980655670166016,-0.024173736572265625,Inhibitory signals
CEACAM1,желудок,-2.6219635009765625,19.251018524169922,37.58462142944336,0.271331787109375,Inhibitory signals
HLA-E,желудок,13.40667724609375,12.795513153076172,5.1808013916015625,0.3075981140136719,Inhibitory signals
LGALS9,желудок,50.91473388671875,42.711692810058594,47.40019989013672,-0.5762424468994141,Inhibitory signals
PDCD1LG2,желудок,3.922201156616211,0.0,0.0,0.23775005340576172,Inhibitory signals
B2M,желудок,5.638832092285156,1.6843986511230469,1.1753158569335938,0.9805526733398438,MHC-I presentation
CALR,желудок,1.743499755859375,0.9966697692871094,-0.0523834228515625,0.2686424255371094,MHC-I presentation
ERAP1,желудок,3.1525421142578125,2.3358612060546875,-2.471527099609375,0.0402984619140625,MHC-I presentation
HLA-A,желудок,25.679672241210938,25.471473693847656,21.03750228881836,0.036266326904296875,MHC-I presentation
HLA-B,желудок,22.26251983642578,18.56060791015625,10.130561828613281,-0.3868522644042969,MHC-I presentation
HLA-C,желудок,26.45201873779297,26.08934783935547,14.172306060791016,-0.15715408325195312,MHC-I presentation
NLRC5,желудок,-0.9536857604980469,10.156084060668945,-3.218353271484375,-1.3109798431396484,MHC-I presentation
PSMB8,желудок,6.1089630126953125,15.452392578125,8.064693450927734,-0.47684478759765625,MHC-I presentation
PSMB9,желудок,4.669029235839844,21.335693359375,7.17010498046875,-0.15850067138671875,MHC-I presentation
TAP1,желудок,-11.644363403320312,17.944068908691406,9.013004302978516,-0.636688232421875,MHC-I presentation
TAP2,желудок,-23.680965423583984,4.561576843261719,-7.415916442871094,-0.17729949951171875,MHC-I presentation
TAPBP,желудок,16.5377197265625,20.920639038085938,6.886688232421875,0.7951812744140625,MHC-I presentation
MICA,желудок,-19.08177947998047,1.2062110900878906,-2.4721946716308594,-0.3881950378417969,NK activating ligands
MICB,желудок,-38.899635314941406,-14.185741424560547,-11.637653350830078,-0.15581321716308594,NK activating ligands
NECTIN2,желудок,18.20063018798828,13.210563659667969,7.7664947509765625,0.287445068359375,NK activating ligands
PVR,желудок,0.0,-5.787933349609375,-6.995487213134766,0.13969039916992188,NK activating ligands
RAET1E,желудок,-4.575004577636719,-1.0409955978393555,0.7951869964599609,-0.14641094207763672,NK activating ligands
ULBP1,желудок,-28.71534538269043,2.4312267303466797,-2.5091323852539062,0.2431201934814453,NK activating ligands
ULBP2,желудок,-39.58870315551758,8.368257522583008,-3.8134002685546875,-0.18670654296875,NK activating ligands
ULBP3,желудок,-25.14775276184082,-39.693477630615234,-1.011444091796875,0.3237171173095703,NK activating ligands
BID,кишка,0.3505859375,4.839618682861328,0.5990753173828125,-0.459381103515625,ENTRY adaptors
CASP10,кишка,23.640655517578125,10.088920593261719,2.8368797302246094,0.04298210144042969,ENTRY adaptors
CASP8,кишка,3.8120498657226562,-3.3311805725097656,-3.0974655151367188,-0.26326751708984375,ENTRY adaptors
FADD,кишка,-18.62508773803711,-7.687244415283203,-2.8664321899414062,0.02014923095703125,ENTRY adaptors
TRADD,кишка,1.65350341796875,16.525630950927734,3.1511917114257812,0.3203601837158203,ENTRY adaptors
FAS,кишка,-3.1941757202148438,-8.799430847167969,5.770469665527344,1.0033836364746094,ENTRY receptors
TNFRSF10A,кишка,0.21222686767578125,-0.49430084228515625,-4.505157470703125,0.20551681518554688,ENTRY receptors
TNFRSF10B,кишка,19.69428253173828,-5.492427825927734,-3.8308639526367188,-0.1262664794921875,ENTRY receptors
TNFRSF1A,кишка,8.180206298828125,6.1022491455078125,2.4930191040039062,-0.3183403015136719,ENTRY receptors
BCL2,кишка,51.14038848876953,7.215776443481445,-4.593809127807617,0.20282745361328125,BRAKES
BCL2L1,кишка,3.5487823486328125,-2.0094528198242188,2.280792236328125,0.001346588134765625,BRAKES
BIRC2,кишка,10.886795043945312,10.306522369384766,-0.9698028564453125,0.3049125671386719,BRAKES
BIRC3,кишка,32.52068328857422,23.506336212158203,4.924243927001953,-0.44997406005859375,BRAKES
CFLAR,кишка,21.735977172851562,16.420856475830078,-2.484954833984375,0.3989410400390625,BRAKES
MCL1,кишка,19.432350158691406,8.19632339477539,-0.06716156005859375,-0.06313323974609375,BRAKES
TNFAIP3,кишка,36.476463317871094,32.520687103271484,4.760368347167969,0.1826801300048828,BRAKES
XIAP,кишка,22.302810668945312,23.323665618896484,-3.5864028930664062,-0.09066390991210938,BRAKES
CASP3,кишка,9.778640747070312,4.190845489501953,4.0484619140625,0.26326751708984375,Apoptosis executioners
CASP6,кишка,5.031700134277344,7.086826324462891,6.084785461425781,0.15984344482421875,Apoptosis executioners
CASP7,кишка,14.504074096679688,9.081501007080078,8.362884521484375,-0.4217720031738281,Apoptosis executioners
APAF1,кишка,14.665267944335938,9.162103652954102,1.3969497680664062,0.053730010986328125,Apoptosis initiators
BAK1,кишка,-1.9073715209960938,1.8160324096679688,1.8536453247070312,-0.18133926391601562,Apoptosis initiators
BAX,кишка,-2.3371963500976562,-0.8005599975585938,1.3378524780273438,-0.06447982788085938,Apoptosis initiators
CASP9,кишка,7.863208770751953,-5.900762557983398,6.353427886962891,0.11685943603515625,Apoptosis initiators
CYCS,кишка,7.832313537597656,1.7287216186523438,0.6071319580078125,-0.002685546875,Apoptosis initiators
DIABLO,кишка,-36.27095413208008,-37.4570198059082,1.30828857421875,-0.1235809326171875,Apoptosis initiators
MLKL,кишка,-8.91897201538086,2.1061668395996094,-9.034496307373047,-0.4002799987792969,Necroptosis executioners
PGAM5,кишка,-23.456642150878906,-11.85525131225586,-2.7938995361328125,0.20551300048828125,Necroptosis executioners
RIPK1,кишка,30.961204528808594,7.603963851928711,2.3372039794921875,0.24715232849121094,Necroptosis initiators
RIPK3,кишка,0.0,-2.170642852783203,-0.5292282104492188,-0.11283111572265625,Necroptosis initiators
ZBP1,кишка,2.9255313873291016,17.268428802490234,-3.761014938354492,-0.6017608642578125,Necroptosis initiators
GSDMB,кишка,12.078231811523438,15.383895874023438,5.4776458740234375,-0.16387367248535156,Pyroptosis executioners
GSDMD,кишка,10.211151123046875,16.122661590576172,-0.40296173095703125,-0.380126953125,Pyroptosis executioners
GSDME,кишка,-5.625402450561523,-8.062003135681152,0.4486351013183594,0.07656478881835938,Pyroptosis executioners
AIM2,кишка,-3.3929710388183594,11.532209396362305,-11.686009407043457,0.0,Pyroptosis initiators
CASP1,кишка,10.305179595947266,20.782960891723633,7.006229400634766,-0.6837005615234375,Pyroptosis initiators
CASP4,кишка,-20.637218475341797,-6.0270233154296875,-0.3008880615234375,-0.061786651611328125,Pyroptosis initiators
CASP5,кишка,25.709217071533203,16.681442260742188,7.648292541503906,-0.15178298950195312,Pyroptosis initiators
NLRC4,кишка,-5.69390869140625,-16.310041427612305,-0.1920795440673828,0.040297508239746094,Pyroptosis initiators
NLRP3,кишка,-9.00762939453125,7.066678047180176,-0.2793903350830078,0.0967111587524414,Pyroptosis initiators
PYCARD,кишка,13.896942138671875,24.697776794433594,6.318504333496094,0.6742973327636719,Pyroptosis initiators
CD274,кишка,-1.0477104187011719,-0.3626670837402344,-2.7294235229492188,0.10880088806152344,Inhibitory signals
CD47,кишка,-0.46341705322265625,5.274818420410156,-1.27069091796875,0.18536376953125,Inhibitory signals
CEACAM1,кишка,31.97936248779297,28.579679489135742,25.513107299804688,-0.08864974975585938,Inhibitory signals
HLA-E,кишка,19.175804138183594,9.926395416259766,2.8234481811523438,0.3223724365234375,Inhibitory signals
LGALS9,кишка,18.60895538330078,21.601654052734375,7.731575012207031,0.5198287963867188,Inhibitory signals
PDCD1LG2,кишка,-6.836986541748047,0.0,0.0,0.0,Inhibitory signals
B2M,кишка,5.1203460693359375,0.9026451110839844,0.6071319580078125,0.6863822937011719,MHC-I presentation
CALR,кишка,-0.660858154296875,0.16387557983398438,-0.30356597900390625,-0.037609100341796875,MHC-I presentation
ERAP1,кишка,8.912254333496094,0.4244575500488281,1.7139434814453125,0.1766357421875,MHC-I presentation
HLA-A,кишка,21.48210906982422,10.983509063720703,4.902748107910156,-0.09939956665039062,MHC-I presentation
HLA-B,кишка,18.083770751953125,6.916233062744141,0.3787841796875,0.3881874084472656,MHC-I presentation
HLA-C,кишка,24.053024291992188,16.56861114501953,7.812164306640625,-0.43520355224609375,MHC-I presentation
NLRC5,кишка,28.45207977294922,17.86616325378418,-6.783256530761719,-0.008058547973632812,MHC-I presentation
PSMB8,кишка,2.2485427856445312,7.668437957763672,-0.43788909912109375,-0.07790756225585938,MHC-I presentation
PSMB9,кишка,-5.695255279541016,15.246883392333984,-4.510536193847656,-0.259246826171875,MHC-I presentation
TAP1,кишка,-12.823715209960938,13.9708251953125,0.7065353393554688,0.20148468017578125,MHC-I presentation
TAP2,кишка,-19.670108795166016,-17.56931495666504,-10.794113159179688,-0.6245994567871094,MHC-I presentation
TAPBP,кишка,18.074363708496094,16.959491729736328,3.1565628051757812,-0.10208511352539062,MHC-I presentation
MICA,кишка,-8.174835205078125,5.9316558837890625,6.818183898925781,0.028202056884765625,NK activating ligands
MICB,кишка,-23.67827033996582,-11.280355453491211,-6.557598114013672,0.2901344299316406,NK activating ligands
NECTIN2,кишка,16.57263946533203,-0.8220481872558594,1.0960693359375,0.19745254516601562,NK activating ligands
PVR,кишка,-8.174835205078125,-24.36197280883789,-10.012351989746094,-0.2632713317871094,NK activating ligands
RAET1E,кишка,-17.99645233154297,-2.4204816818237305,-5.810768127441406,-0.12491989135742188,NK activating ligands
ULBP1,кишка,-20.102622985839844,-12.178972244262695,-1.2250137329101562,-0.17058753967285156,NK activating ligands
ULBP2,кишка,-30.692564010620117,-13.592037200927734,-8.314529418945312,-0.5890026092529297,NK activating ligands
ULBP3,кишка,-9.788040161132812,-34.61341857910156,-2.8019561767578125,-0.3586387634277344,NK activating ligands
BID,лёгкое,-17.856760025024414,8.322586059570312,7.656349182128906,-0.06984710693359375,ENTRY adaptors
CASP10,лёгкое,13.037286758422852,13.641738891601562,19.34638786315918,0.07253265380859375,ENTRY adaptors
CASP8,лёгкое,-1.7522315979003906,-1.026214599609375,7.270843505859375,-0.16924285888671875,ENTRY adaptors
FADD,лёгкое,-26.149797439575195,-3.4332656860351562,-3.263355255126953,-0.31162261962890625,ENTRY adaptors
TRADD,лёгкое,2.6024856567382812,21.71179962158203,10.626205444335938,0.18805694580078125,ENTRY adaptors
FAS,лёгкое,1.2021827697753906,-3.645496368408203,8.092899322509766,1.1068153381347656,ENTRY receptors
TNFRSF10A,лёгкое,-3.002765655517578,-8.284976959228516,2.2176551818847656,0.11551666259765625,ENTRY receptors
TNFRSF10B,лёгкое,20.60834503173828,-8.059310913085938,1.1215896606445312,-0.3599853515625,ENTRY receptors
TNFRSF1A,лёгкое,3.810710906982422,-0.0349273681640625,-2.951061248779297,-0.17998504638671875,ENTRY receptors
BCL2,лёгкое,34.33872985839844,-0.8542900085449219,-0.7616081237792969,-0.008060455322265625,BRAKES
BCL2L1,лёгкое,14.886226654052734,2.1357192993164062,5.957180023193359,0.13700103759765625,BRAKES
BIRC2,лёгкое,4.019584655761719,6.0256805419921875,0.080596923828125,-0.11551666259765625,BRAKES
BIRC3,лёгкое,14.78011703491211,21.950889587402344,15.734474182128906,-0.7602615356445312,BRAKES
CFLAR,лёгкое,25.328414916992188,15.199874877929688,6.361488342285156,0.2176055908203125,BRAKES
MCL1,лёгкое,12.428810119628906,4.0753326416015625,2.5655479431152344,-0.11551666259765625,BRAKES
TNFAIP3,лёгкое,29.94707679748535,19.199981689453125,-5.022300720214844,-0.3572959899902344,BRAKES
XIAP,лёгкое,19.183860778808594,18.896408081054688,-3.8348922729492188,0.17729949951171875,BRAKES
CASP3,лёгкое,-6.269474029541016,-1.5044097900390625,10.721572875976562,-0.06716156005859375,Apoptosis executioners
CASP6,лёгкое,-7.518667221069336,2.3721237182617188,15.664623260498047,-0.16119384765625,Apoptosis executioners
CASP7,лёгкое,-0.7387733459472656,2.0631866455078125,13.900981903076172,-0.19073486328125,Apoptosis executioners
APAF1,лёгкое,1.9113998413085938,-1.7032051086425781,2.1800460815429688,-0.2605857849121094,Apoptosis initiators
BAK1,лёгкое,-27.949708938598633,-3.8845901489257812,13.125938415527344,-0.3143157958984375,Apoptosis initiators
BAX,лёгкое,-0.2270050048828125,0.6608657836914062,-3.7972793579101562,-0.00269317626953125,Apoptosis initiators
CASP9,лёгкое,-9.494546890258789,-5.593162536621094,7.195629119873047,-0.19073486328125,Apoptosis initiators
CYCS,лёгкое,-0.048358917236328125,0.4378814697265625,-0.6326522827148438,0.0510406494140625,Apoptosis initiators
DIABLO,лёгкое,-43.56732177734375,-36.07618713378906,2.5830154418945312,0.1370086669921875,Apoptosis initiators
MLKL,лёгкое,-15.388593673706055,-7.051902770996094,-4.009510040283203,-0.16924667358398438,Necroptosis executioners
PGAM5,лёгкое,-27.25861930847168,-17.54513168334961,-8.325271606445312,-0.112823486328125,Necroptosis executioners
RIPK1,лёгкое,18.65060043334961,-0.3814697265625,6.06195068359375,0.02954864501953125,Necroptosis initiators
RIPK3,лёгкое,6.438051223754883,18.549861907958984,24.65747833251953,-0.8059329986572266,Necroptosis initiators
ZBP1,лёгкое,0.1423816680908203,21.316890716552734,22.458629608154297,0.0,Necroptosis initiators
GSDMB,лёгкое,2.1941471099853516,1.7381248474121094,13.249519348144531,0.16924667358398438,Pyroptosis executioners
GSDMD,лёгкое,3.243206024169922,13.182350158691406,7.492473602294922,-0.0725250244140625,Pyroptosis executioners
GSDME,лёгкое,-16.46115493774414,-14.450355529785156,-2.6783790588378906,-0.17461776733398438,Pyroptosis executioners
AIM2,лёгкое,-4.210993766784668,13.018484115600586,-2.6756935119628906,-0.35460853576660156,Pyroptosis initiators
CASP1,лёгкое,10.928430557250977,20.180526733398438,21.00123405456543,-0.24446487426757812,Pyroptosis initiators
CASP4,лёгкое,7.748359680175781,5.4776458740234375,7.297706604003906,0.0456695556640625,Pyroptosis initiators
CASP5,лёгкое,3.7321348190307617,0.0,15.281806945800781,0.0,Pyroptosis initiators
NLRC4,лёгкое,-1.4117240905761719,-7.653665542602539,-3.187459945678711,0.11014366149902344,Pyroptosis initiators
NLRP3,лёгкое,-2.4211530685424805,11.871373176574707,-11.723617553710938,0.0,Pyroptosis initiators
PYCARD,лёгкое,22.722570419311523,38.700836181640625,28.268054962158203,-0.07253646850585938,Pyroptosis initiators
CD274,лёгкое,-6.121051788330078,-6.858478546142578,-1.1551685333251953,0.01880645751953125,Inhibitory signals
CD47,лёгкое,15.548439025878906,7.7235107421875,6.916236877441406,0.0,Inhibitory signals
CEACAM1,лёгкое,4.053836822509766,25.92413330078125,36.18633270263672,0.3331184387207031,Inhibitory signals
HLA-E,лёгкое,20.523052215576172,14.146781921386719,10.607402801513672,0.091339111328125,Inhibitory signals
LGALS9,лёгкое,11.219911575317383,38.9291877746582,54.72813415527344,-0.0456695556640625,Inhibitory signals
PDCD1LG2,лёгкое,-5.859794616699219,-2.999408721923828,-9.291049003601074,-0.2820758819580078,Inhibitory signals
B2M,лёгкое,2.6004714965820312,1.3566513061523438,1.1390495300292969,0.840850830078125,MHC-I presentation
CALR,лёгкое,-0.2142486572265625,-0.0376129150390625,-0.6689224243164062,0.20148468017578125,MHC-I presentation
ERAP1,лёгкое,0.03894805908203125,-6.630134582519531,4.2700958251953125,0.0456695556640625,MHC-I presentation
HLA-A,лёгкое,19.95218276977539,12.357620239257812,7.053249359130859,-0.24446868896484375,MHC-I presentation
HLA-B,лёгкое,21.330322265625,12.900276184082031,10.242050170898438,-0.00806427001953125,MHC-I presentation
HLA-C,лёгкое,26.75290298461914,19.071022033691406,6.789974212646484,-0.3411712646484375,MHC-I presentation
NLRC5,лёгкое,-6.524688720703125,-6.3910369873046875,-4.685148239135742,-0.21760177612304688,MHC-I presentation
PSMB8,лёгкое,6.524013519287109,9.896835327148438,8.935096740722656,0.14507293701171875,MHC-I presentation
PSMB9,лёгкое,7.241294860839844,19.941429138183594,15.052787780761719,-0.15581512451171875,MHC-I presentation
TAP1,лёгкое,-12.452314376831055,9.053298950195312,13.766651153564453,-0.4056549072265625,MHC-I presentation
TAP2,лёгкое,-22.990543365478516,-14.598106384277344,-3.4373016357421875,-0.53997802734375,MHC-I presentation
TAPBP,лёгкое,16.158260345458984,13.080268859863281,5.341983795166016,-0.21222686767578125,MHC-I presentation
MICA,лёгкое,-15.385906219482422,-5.864498138427734,4.4742584228515625,0.43520355224609375,NK activating ligands
MICB,лёгкое,-27.301605224609375,-15.73715591430664,-2.4070472717285156,0.1370086669921875,NK activating ligands
NECTIN2,лёгкое,16.89165496826172,9.402542114257812,7.54351806640625,-0.11551666259765625,NK activating ligands
PVR,лёгкое,-6.80877685546875,-19.78293228149414,-10.134586334228516,0.0617828369140625,NK activating ligands
RAET1E,лёгкое,-7.83298397064209,-4.859767913818359,-7.246668815612793,-0.20148086547851562,NK activating ligands
ULBP1,лёгкое,-20.107322692871094,-13.789487838745117,1.8831958770751953,0.17730712890625,NK activating ligands
ULBP2,лёгкое,-35.82836151123047,-13.620243072509766,9.581182479858398,0.6125068664550781,NK activating ligands
ULBP3,лёгкое,-18.91924476623535,-31.72415542602539,-0.9415950775146484,-0.40296173095703125,NK activating ligands
BID,молочная,11.653099060058594,1.5205268859863281,-3.0571670532226562,-0.25521087646484375,ENTRY adaptors
CASP10,молочная,-1.6924552917480469,0.0,4.703952789306641,0.20685577392578125,ENTRY adaptors
CASP8,молочная,2.850311279296875,-2.5548057556152344,1.8093147277832031,0.25521087646484375,ENTRY adaptors
FADD,молочная,-13.569204330444336,-3.2613372802734375,-2.417797088623047,-0.01612091064453125,ENTRY adaptors
TRADD,молочная,2.914112091064453,11.014400482177734,1.8093185424804688,-0.13701629638671875,ENTRY adaptors
FAS,молочная,13.450328826904297,-8.131851196289062,20.23089599609375,0.21491622924804688,ENTRY receptors
TNFRSF10A,молочная,16.374515533447266,-6.087469100952148,4.6354522705078125,1.2948646545410156,ENTRY receptors
TNFRSF10B,молочная,18.04077911376953,-14.670642852783203,9.343433380126953,0.6017684936523438,ENTRY receptors
TNFRSF1A,молочная,4.3721771240234375,-2.9147872924804688,-3.0397071838378906,0.282073974609375,ENTRY receptors
BCL2,молочная,52.12027359008789,32.95723342895508,5.280195236206055,0.6635513305664062,BRAKES
BCL2L1,молочная,1.3371734619140625,0.4150543212890625,1.464111328125,-0.18267822265625,BRAKES
BIRC2,молочная,12.747821807861328,4.579036712646484,3.0746307373046875,-0.5131149291992188,BRAKES
BIRC3,молочная,48.244407653808594,12.980871200561523,8.8236083984375,0.4325141906738281,BRAKES
CFLAR,молочная,22.480125427246094,8.905548095703125,1.9167747497558594,-0.06179046630859375,BRAKES
MCL1,молочная,9.448875427246094,3.902050018310547,3.3849105834960938,0.13970184326171875,BRAKES
TNFAIP3,молочная,38.857994079589844,17.661991119384766,15.447025299072266,0.24177932739257812,BRAKES
XIAP,молочная,18.979690551757812,18.085105895996094,-2.9523983001708984,-0.7924957275390625,BRAKES
CASP3,молочная,0.22298049926757812,-4.784553527832031,3.341930389404297,-0.19342041015625,Apoptosis executioners
CASP6,молочная,-6.994817733764648,6.0256805419921875,9.980113983154297,0.4056549072265625,Apoptosis executioners
CASP7,молочная,6.507896423339844,-5.594505310058594,-1.0705413818359375,-0.102081298828125,Apoptosis executioners
APAF1,молочная,3.3788700103759766,-4.233829498291016,-1.0047283172607422,-0.2229766845703125,Apoptosis initiators
BAK1,молочная,-17.880266189575195,-7.719482421875,4.561576843261719,0.0590972900390625,Apoptosis initiators
BAX,молочная,-4.278156280517578,-0.16119003295898438,-0.5419921875,0.33849334716796875,Apoptosis initiators
CASP9,молочная,-12.009725570678711,-6.458198547363281,8.697345733642578,-0.099395751953125,Apoptosis initiators
CYCS,молочная,2.157215118408203,1.2263565063476562,1.0665168762207031,-0.08327484130859375,Apoptosis initiators
DIABLO,молочная,-43.39068603515625,-59.2010498046875,1.5702247619628906,0.464752197265625,Apoptosis initiators
MLKL,молочная,-9.580513000488281,-6.84235954284668,-5.536748886108398,0.24715042114257812,Necroptosis executioners
PGAM5,молочная,-17.81377410888672,-19.44982147216797,-4.60723876953125,-0.48892974853515625,Necroptosis executioners
RIPK1,молочная,9.982135772705078,-4.576351165771484,1.9422931671142578,-0.07790374755859375,Necroptosis initiators
RIPK3,молочная,6.810122489929199,9.306495666503906,-2.122286796569824,0.9536857604980469,Necroptosis initiators
ZBP1,молочная,6.557598114013672,19.15565299987793,0.0,0.0,Necroptosis initiators
GSDMB,молочная,-12.966096878051758,-11.274984359741211,-6.444766998291016,0.05641937255859375,Pyroptosis executioners
GSDMD,молочная,-4.140472412109375,8.583168029785156,-8.36825180053711,1.3163528442382812,Pyroptosis executioners
GSDME,молочная,-0.8751068115234375,-5.045132637023926,13.355630874633789,-0.17998886108398438,Pyroptosis executioners
AIM2,молочная,4.879916191101074,0.0,-7.871266841888428,0.0,Pyroptosis initiators
CASP1,молочная,10.884109497070312,5.090801239013672,17.12335968017578,-0.8704032897949219,Pyroptosis initiators
CASP4,молочная,15.776115417480469,-7.552925109863281,8.244678497314453,0.41909027099609375,Pyroptosis initiators
CASP5,молочная,2.7200193405151367,0.0,0.0,0.0,Pyroptosis initiators
NLRC4,молочная,1.3210554122924805,-6.39238166809082,1.4493331909179688,0.4513225555419922,Pyroptosis initiators
NLRP3,молочная,-1.6420869827270508,2.6756935119628906,0.0,-0.11283111572265625,Pyroptosis initiators
PYCARD,молочная,7.9438018798828125,29.724102020263672,16.360414505004883,-0.6769790649414062,Pyroptosis initiators
CD274,молочная,13.584650039672852,-0.6071338653564453,-3.5125179290771484,0.6178779602050781,Inhibitory signals
CD47,молочная,12.313961029052734,3.167308807373047,0.7978668212890625,-0.0617828369140625,Inhibitory signals
CEACAM1,молочная,36.146705627441406,12.599395751953125,15.269718170166016,0.470123291015625,Inhibitory signals
HLA-E,молочная,17.119327545166016,7.163394927978516,2.1061668395996094,-0.16387939453125,Inhibitory signals
LGALS9,молочная,1.1551685333251953,10.627553939819336,8.368257522583008,-0.29819488525390625,Inhibitory signals
PDCD1LG2,молочная,9.142621994018555,0.0,0.0,-0.38416099548339844,Inhibitory signals
B2M,молочная,1.8160324096679688,1.0409965515136719,0.7468299865722656,0.7629547119140625,MHC-I presentation
CALR,молочная,0.17730712890625,0.03089141845703125,-0.0040283203125,0.18804931640625,MHC-I presentation
ERAP1,молочная,4.957822799682617,-7.437406539916992,4.626045227050781,-0.5131111145019531,MHC-I presentation
HLA-A,молочная,32.544189453125,30.845687866210938,20.128145217895508,-1.1632308959960938,MHC-I presentation
HLA-B,молочная,22.685630798339844,14.907047271728516,6.001502990722656,1.0826339721679688,MHC-I presentation
HLA-C,молочная,24.009380340576172,19.04550552368164,-7.229206085205078,0.72802734375,MHC-I presentation
NLRC5,молочная,14.952716827392578,0.29953956604003906,-6.4796905517578125,1.9476661682128906,MHC-I presentation
PSMB8,молочная,10.93111801147461,9.591930389404297,7.8591766357421875,0.5426559448242188,MHC-I presentation
PSMB9,молочная,1.3855342864990234,16.122661590576172,-4.979314804077148,-0.4593772888183594,MHC-I presentation
TAP1,молочная,0.07924652099609375,3.12432861328125,3.711315155029297,0.4996795654296875,MHC-I presentation
TAP2,молочная,-9.943851470947266,-22.163114547729492,-14.723030090332031,1.3083038330078125,MHC-I presentation
TAPBP,молочная,13.866058349609375,6.830268859863281,3.4077491760253906,-0.18536376953125,MHC-I presentation
MICA,молочная,-4.885288238525391,-0.93084716796875,-3.6629562377929688,0.02149200439453125,NK activating ligands
MICB,молочная,-26.39627456665039,-17.816463470458984,-19.294675827026367,0.24177932739257812,NK activating ligands
NECTIN2,молочная,10.939178466796875,4.443370819091797,2.2203407287597656,-0.15312957763671875,NK activating ligands
PVR,молочная,-5.180124282836914,-26.03696632385254,-12.097028732299805,-0.4083404541015625,NK activating ligands
RAET1E,молочная,-12.64171028137207,0.0,-1.2115850448608398,-0.3465538024902344,NK activating ligands
ULBP1,молочная,-18.594188690185547,-8.74838638305664,0.9684619903564453,0.7898101806640625,NK activating ligands
ULBP2,молочная,-27.888595581054688,-18.943424224853516,-2.609874725341797,-0.0376129150390625,NK activating ligands
ULBP3,молочная,-8.728913307189941,-27.64883041381836,4.00279426574707,0.44057464599609375,NK activating ligands
BID,панкреас,-17.614978790283203,1.7488670349121094,-6.658336639404297,0.21558761596679688,ENTRY adaptors
CASP10,панкреас,-3.344615936279297,14.516170501708984,6.10896110534668,0.2767047882080078,ENTRY adaptors
CASP8,панкреас,-17.655277252197266,2.600475311279297,0.9503288269042969,-0.16118621826171875,ENTRY adaptors
FADD,панкреас,-21.16242218017578,-4.0887603759765625,-4.579036712646484,-0.0093994140625,ENTRY adaptors
TRADD,панкреас,-2.8973236083984375,20.904525756835938,3.5299835205078125,0.48960113525390625,ENTRY adaptors
FAS,панкреас,-23.002628326416016,-11.880775451660156,4.310390472412109,-0.7884712219238281,ENTRY receptors
TNFRSF10A,панкреас,-17.594837188720703,1.9033432006835938,-2.1021385192871094,-0.3492393493652344,ENTRY receptors
TNFRSF10B,панкреас,3.5743026733398438,-3.5810203552246094,0.55743408203125,0.10343170166015625,ENTRY receptors
TNFRSF1A,панкреас,-8.747047424316406,0.7562332153320312,-1.6105232238769531,0.06581497192382812,ENTRY receptors
BCL2,панкреас,57.14458465576172,1.10546875,-1.2089004516601562,-0.15984344482421875,BRAKES
BCL2L1,панкреас,4.1142730712890625,-1.1793441772460938,2.4433135986328125,-0.02417755126953125,BRAKES
BIRC2,панкреас,11.246780395507812,6.158664703369141,-2.9241867065429688,0.01477813720703125,BRAKES
BIRC3,панкреас,20.888404846191406,17.682140350341797,3.8913040161132812,0.2807350158691406,BRAKES
CFLAR,панкреас,18.258377075195312,10.640987396240234,2.433917999267578,0.02820587158203125,BRAKES
MCL1,панкреас,10.053993225097656,3.536693572998047,2.0336341857910156,-0.10477066040039062,BRAKES
TNFAIP3,панкреас,20.30141830444336,11.237373352050781,-1.3553085327148438,-0.1799907684326172,BRAKES
XIAP,панкреас,23.056365966796875,22.156402587890625,1.7690200805664062,0.2901344299316406,BRAKES
CASP3,панкреас,-7.16473388671875,3.7865371704101562,7.382335662841797,0.2176055908203125,Apoptosis executioners
CASP6,панкреас,0.0,2.6676368713378906,8.404525756835938,-0.016117095947265625,Apoptosis executioners
CASP7,панкреас,6.2567138671875,5.605258941650391,9.159416198730469,0.07253265380859375,Apoptosis executioners
APAF1,панкреас,0.0,2.632711410522461,1.9516983032226562,-0.11014175415039062,Apoptosis initiators
BAK1,панкреас,-27.22303009033203,-5.3822784423828125,1.5164947509765625,0.1464080810546875,Apoptosis initiators
BAX,панкреас,-8.726890563964844,0.3546142578125,0.3344612121582031,-0.037609100341796875,Apoptosis initiators
CASP9,панкреас,-11.029178619384766,-7.826938629150391,7.260101318359375,-0.6306419372558594,Apoptosis initiators
CYCS,панкреас,-1.4842529296875,1.4278450012207031,1.3620262145996094,-0.0510406494140625,Apoptosis initiators
DIABLO,панкреас,-51.355308532714844,-24.598377227783203,4.134433746337891,-0.0537261962890625,Apoptosis initiators
MLKL,панкреас,-11.992263793945312,-3.2788028717041016,-6.460216522216797,-0.088653564453125,Necroptosis executioners
PGAM5,панкреас,-12.95400619506836,-18.336288452148438,1.1766548156738281,-0.22700119018554688,Necroptosis executioners
RIPK1,панкреас,10.076831817626953,-0.024175643920898438,3.094778060913086,0.08462333679199219,Necroptosis initiators
RIPK3,панкреас,-15.609554290771484,5.755695343017578,1.7972259521484375,0.15447044372558594,Necroptosis initiators
ZBP1,панкреас,-6.450139999389648,14.455726623535156,1.6548452377319336,0.3747587203979492,Necroptosis initiators
GSDMB,панкреас,-17.91183090209961,18.536426544189453,24.45599937438965,-0.5614643096923828,Pyroptosis executioners
GSDMD,панкреас,-3.582366943359375,4.977970123291016,-3.153881072998047,-0.08193588256835938,Pyroptosis executioners
GSDME,панкреас,-19.87293243408203,-11.221254348754883,-2.5427169799804688,0.43386268615722656,Pyroptosis executioners
AIM2,панкреас,0.0,0.38886260986328125,-14.017837524414062,-0.29416561126708984,Pyroptosis initiators
CASP1,панкреас,-15.35971450805664,18.63985824584961,-2.8315067291259766,0.8744354248046875,Pyroptosis initiators
CASP4,панкреас,1.12158203125,3.0652236938476562,2.0913925170898438,0.28879547119140625,Pyroptosis initiators
CASP5,панкреас,-3.7583274841308594,14.56184196472168,22.790403366088867,0.0,Pyroptosis initiators
NLRC4,панкреас,0.4526653289794922,-4.7187299728393555,-1.7018585205078125,-0.02283477783203125,Pyroptosis initiators
NLRP3,панкреас,-4.894691467285156,1.3539648056030273,-7.886041641235352,0.38147449493408203,Pyroptosis initiators
PYCARD,панкреас,-2.7428512573242188,19.40951919555664,-1.0503959655761719,0.061794281005859375,Pyroptosis initiators
CD274,панкреас,-16.70293426513672,-12.559103012084961,-11.754514694213867,-0.089996337890625,Inhibitory signals
CD47,панкреас,5.594512939453125,3.9651832580566406,0.6313133239746094,-0.20954513549804688,Inhibitory signals
CEACAM1,панкреас,-32.58650207519531,18.361812591552734,13.848590850830078,0.028209686279296875,Inhibitory signals
HLA-E,панкреас,7.278900146484375,6.4810333251953125,0.3532600402832031,-0.16790390014648438,Inhibitory signals
LGALS9,панкреас,-8.305122375488281,21.280624389648438,21.58822250366211,-0.15245437622070312,Inhibitory signals
PDCD1LG2,панкреас,-10.049968719482422,-10.540245056152344,-21.703739166259766,0.02149200439453125,Inhibitory signals
B2M,панкреас,1.9060211181640625,1.3687400817871094,1.0342788696289062,1.0208473205566406,MHC-I presentation
CALR,панкреас,-0.287445068359375,-0.3505821228027344,-0.5990753173828125,0.02820587158203125,MHC-I presentation
ERAP1,панкреас,-7.379650115966797,-8.096923828125,-1.9785614013671875,0.2807350158691406,MHC-I presentation
HLA-A,панкреас,18.791641235351562,12.626262664794922,5.004829406738281,0.08193206787109375,MHC-I presentation
HLA-B,панкреас,11.831069946289062,6.832954406738281,-0.7280311584472656,-0.11014175415039062,MHC-I presentation
HLA-C,панкреас,25.14775848388672,20.850791931152344,-4.6542510986328125,0.2874488830566406,MHC-I presentation
NLRC5,панкреас,-18.602245330810547,6.644905090332031,-4.940361022949219,0.12760543823242188,MHC-I presentation
PSMB8,панкреас,-9.92236328125,3.1941795349121094,0.43923187255859375,0.35863494873046875,MHC-I presentation
PSMB9,панкреас,-6.982048034667969,9.034492492675781,-5.9370269775390625,0.4889259338378906,MHC-I presentation
TAP1,панкреас,-13.074897766113281,5.516605377197266,-0.5225143432617188,0.18133544921875,MHC-I presentation
TAP2,панкреас,-22.25445556640625,-18.839994430541992,-13.875457763671875,-0.3505821228027344,MHC-I presentation
TAPBP,панкреас,13.395927429199219,8.232593536376953,-1.7717094421386719,-0.23506546020507812,MHC-I presentation
MICA,панкреас,-15.71834945678711,4.579036712646484,0.0107421875,0.5641517639160156,NK activating ligands
MICB,панкреас,-33.353485107421875,-20.118736267089844,-11.910324096679688,-0.6272830963134766,NK activating ligands
NECTIN2,панкреас,14.141410827636719,5.362133026123047,3.3137245178222656,-0.001346588134765625,NK activating ligands
PVR,панкреас,-12.02181625366211,-9.9210205078125,-6.1170196533203125,0.5359458923339844,NK activating ligands
RAET1E,панкреас,-18.068986892700195,-7.757091522216797,-5.726143836975098,-0.1450653076171875,NK activating ligands
ULBP1,панкреас,-20.98646354675293,-7.622771263122559,5.084083557128906,0.1773052215576172,NK activating ligands
ULBP2,панкреас,-42.06694793701172,-14.309316635131836,-0.33714866638183594,-0.010747909545898438,NK activating ligands
ULBP3,панкреас,-23.514400482177734,-30.614654541015625,1.4479904174804688,-0.3358039855957031,NK activating ligands
BID,яичник,-11.919731140136719,3.50042724609375,-9.714164733886719,0.17193603515625,ENTRY adaptors
CASP10,яичник,-10.039222717285156,-2.2243709564208984,4.150550842285156,-0.14238357543945312,ENTRY adaptors
CASP8,яичник,-7.405170440673828,-0.1370086669921875,2.307647705078125,-0.11551666259765625,ENTRY adaptors
FADD,яичник,-21.444503784179688,-3.87249755859375,-2.1437835693359375,0.13970184326171875,ENTRY adaptors
TRADD,яичник,-0.18536376953125,3.662961959838867,1.1954689025878906,-0.4620704650878906,ENTRY adaptors
FAS,яичник,12.379112243652344,-10.947242736816406,13.279067993164062,-0.736083984375,ENTRY receptors
TNFRSF10A,яичник,-0.47550201416015625,-9.794757843017578,-4.0941314697265625,0.088653564453125,ENTRY receptors
TNFRSF10B,яичник,9.253433227539062,-15.426876068115234,4.080696105957031,0.018798828125,ENTRY receptors
TNFRSF1A,яичник,10.068771362304688,2.2122879028320312,-4.311729431152344,0.2229766845703125,ENTRY receptors
BCL2,яичник,55.963890075683594,23.67558479309082,0.5587806701660156,-0.2686424255371094,BRAKES
BCL2L1,яичник,-12.827743530273438,-1.1551666259765625,3.597137451171875,-0.247161865234375,BRAKES
BIRC2,яичник,9.061363220214844,4.006824493408203,-2.0900497436523438,-0.16387176513671875,BRAKES
BIRC3,яичник,37.220611572265625,18.89372444152832,-3.2344741821289062,0.15312957763671875,BRAKES
CFLAR,яичник,16.081024169921875,12.021812438964844,-5.209007263183594,0.1450653076171875,BRAKES
MCL1,яичник,10.697402954101562,3.188800811767578,2.9819488525390625,0.22296905517578125,BRAKES
TNFAIP3,яичник,41.08102035522461,13.232051849365234,11.68869400024414,0.25252532958984375,BRAKES
XIAP,яичник,20.279922485351562,19.711746215820312,1.0880126953125,-0.6098213195800781,BRAKES
CASP3,яичник,0.8704071044921875,-2.5883865356445312,0.9241409301757812,-0.1450653076171875,Apoptosis executioners
CASP6,яичник,-6.004192352294922,-3.6589279174804688,1.743499755859375,-0.30893707275390625,Apoptosis executioners
CASP7,яичник,-13.179668426513672,0.9496574401855469,7.140556335449219,-0.5722122192382812,Apoptosis executioners
APAF1,яичник,1.187408447265625,-6.776544570922852,0.4432640075683594,-0.819366455078125,Apoptosis initiators
BAK1,яичник,-22.664138793945312,-2.1921348571777344,5.230499267578125,0.42714691162109375,Apoptosis initiators
BAX,яичник,-6.303733825683594,-3.1928329467773438,-3.0974655151367188,-0.03223419189453125,Apoptosis initiators
CASP9,яичник,2.5467453002929688,-9.395816802978516,7.15936279296875,-0.54266357421875,Apoptosis initiators
CYCS,яичник,4.290245056152344,2.5037612915039062,1.910064697265625,0.01343536376953125,Apoptosis initiators
DIABLO,яичник,-50.58563995361328,-34.296417236328125,3.8657913208007812,-0.09403228759765625,Apoptosis initiators
MLKL,яичник,-19.490114212036133,-14.471847534179688,-14.283794403076172,0.094024658203125,Necroptosis executioners
PGAM5,яичник,-25.97384262084961,-13.800233840942383,-2.1276626586914062,0.24446868896484375,Necroptosis executioners
RIPK1,яичник,23.627227783203125,-1.5353012084960938,4.22039794921875,-0.1370086669921875,Necroptosis initiators
RIPK3,яичник,3.868471145629883,12.140016555786133,9.714160919189453,-0.08596611022949219,Necroptosis initiators
ZBP1,яичник,9.324628829956055,13.354959487915039,-2.4258556365966797,0.1799907684326172,Necroptosis initiators
GSDMB,яичник,-16.17236328125,-11.324684143066406,9.219856262207031,-0.5695266723632812,Pyroptosis executioners
GSDMD,яичник,5.72479248046875,5.69793701171875,-7.073394775390625,0.002685546875,Pyroptosis executioners
GSDME,яичник,-6.490436553955078,-18.09585189819336,-2.173328399658203,0.15850067138671875,Pyroptosis executioners
AIM2,яичник,11.385128021240234,3.9235429763793945,-10.240704536437988,0.34654998779296875,Pyroptosis initiators
CASP1,яичник,-1.8590164184570312,-3.5366973876953125,-1.8133468627929688,-1.0396537780761719,Pyroptosis initiators
CASP4,яичник,9.826995849609375,-7.589183807373047,4.7899169921875,-0.5319137573242188,Pyroptosis initiators
CASP5,яичник,0.0,0.0,0.0,0.0,Pyroptosis initiators
NLRC4,яичник,0.0,-18.91790199279785,-2.02288818359375,-0.2310333251953125,Pyroptosis initiators
NLRP3,яичник,-4.537395477294922,-1.3848590850830078,-3.374166488647461,0.3572959899902344,Pyroptosis initiators
PYCARD,яичник,48.615142822265625,30.406461715698242,20.091873168945312,-0.11282730102539062,Pyroptosis initiators
CD274,яичник,-5.407802581787109,-6.511928558349609,-0.24177932739257812,0.23103713989257812,Inhibitory signals
CD47,яичник,8.576454162597656,6.699981689453125,4.478294372558594,-0.104766845703125,Inhibitory signals
CEACAM1,яичник,11.499298095703125,7.272192001342773,1.1739730834960938,-0.01880645751953125,Inhibitory signals
HLA-E,яичник,14.455726623535156,8.173492431640625,1.1551589965820312,0.05104827880859375,Inhibitory signals
LGALS9,яичник,8.314529418945312,14.324090957641602,8.499893188476562,0.09133529663085938,Inhibitory signals
PDCD1LG2,яичник,11.913013458251953,0.21625804901123047,-0.3707294464111328,-0.5614643096923828,Inhibitory signals
B2M,яичник,1.4681396484375,0.7857818603515625,0.9536819458007812,0.8086166381835938,MHC-I presentation
CALR,яичник,-1.6279754638671875,0.3237152099609375,0.11820220947265625,0.3519287109375,MHC-I presentation
ERAP1,яичник,-2.38690185546875,-11.163497924804688,-7.038471221923828,0.27133941650390625,MHC-I presentation
HLA-A,яичник,21.619117736816406,14.933910369873047,9.786697387695312,0.33043670654296875,MHC-I presentation
HLA-B,яичник,11.898231506347656,7.295024871826172,3.755645751953125,-0.3008880615234375,MHC-I presentation
HLA-C,яичник,22.99860382080078,17.56930923461914,-8.475715637207031,0.1423797607421875,MHC-I presentation
NLRC5,яичник,6.635505676269531,-4.334569931030273,-6.627445220947266,0.02149200439453125,MHC-I presentation
PSMB8,яичник,8.203041076660156,2.9658279418945312,4.867835998535156,0.741455078125,MHC-I presentation
PSMB9,яичник,7.591880798339844,0.11685943603515625,4.0995025634765625,-0.22835540771484375,MHC-I presentation
TAP1,яичник,6.673118591308594,-0.9751701354980469,5.047821044921875,-0.5426559448242188,MHC-I presentation
TAP2,яичник,-24.460025787353516,-17.318126678466797,-8.706748962402344,0.0376129150390625,MHC-I presentation
TAPBP,яичник,7.264129638671875,8.949867248535156,3.6428146362304688,-0.3546142578125,MHC-I presentation
MICA,яичник,-20.356487274169922,-10.15876579284668,-10.692031860351562,-0.3035736083984375,NK activating ligands
MICB,яичник,-37.1212158203125,-29.955135345458984,-9.1983642578125,0.7790679931640625,NK activating ligands
NECTIN2,яичник,12.495964050292969,5.170055389404297,2.482269287109375,0.12088775634765625,NK activating ligands
PVR,яичник,-10.681285858154297,-27.42451286315918,-13.080268859863281,-0.5722122192382812,NK activating ligands
RAET1E,яичник,6.982053756713867,-6.155974388122559,0.02149200439453125,0.16118621826171875,NK activating ligands
ULBP1,яичник,-26.770360946655273,-15.460455894470215,2.20556640625,-0.5238571166992188,NK activating ligands
ULBP2,яичник,-37.27165222167969,-18.557920455932617,-0.24177932739257812,0.11820220947265625,NK activating ligands
ULBP3,яичник,-24.946271896362305,-30.49510955810547,-0.2283477783203125,-0.21222686767578125,NK activating ligands
