слой,орган,идентификатор
здоровая,кишка,TSP14||Epithelium
здоровая,кишка,TSP25||Epithelium
здоровая,кишка,TSP26||Epithelium
здоровая,кишка,TSP27||Epithelium
здоровая,кишка,TSP2||Epithelium
здоровая,лёгкое,TSP14||Epithelium
здоровая,лёгкое,TSP1||Epithelium
здоровая,лёгкое,TSP25||Epithelium
здоровая,лёгкое,TSP2||Epithelium
здоровая,молочная,TSP27||Epithelium
здоровая,молочная,TSP4||Epithelium
здоровая,яичник,TSP27||Epithelium
здоровая,яичник,TSP28||Epithelium
здоровая,яичник,TSP30||Epithelium
здоровая,панкреас,TSP1||Epithelium
здоровая,панкреас,TSP27||Epithelium
здоровая,панкреас,TSP9||Epithelium
здоровая,желудок,TSP20||Epithelium
здоровая,желудок,TSP25||Epithelium
здоровая,желудок,TSP27||Epithelium
пациент,желудок,gc_GSE163558|gc_GSE163558_PT1
пациент,желудок,gc_GSE163558|gc_GSE163558_P1
пациент,кишка,crc_GSE166555|crc_GSE166555_Patient007
пациент,кишка,crc_GSE166555|crc_GSE166555_Patient008
пациент,кишка,crc_GSE166555|crc_GSE166555_Patient009
пациент,кишка,crc_GSE166555|crc_GSE166555_Patient009
пациент,кишка,crc_GSE166555|crc_GSE166555_Patient012
пациент,кишка,crc_GSE166555|crc_GSE166555_Patient013
пациент,кишка,crc_GSE166555|crc_GSE166555_Patient014
пациент,кишка,crc_GSE166555|crc_GSE166555_Patient016
пациент,кишка,crc_GSE166555|crc_GSE166555_Patient017
пациент,кишка,crc_GSE166555|crc_GSE166555_Patient020
пациент,кишка,crc_GSE166555|crc_GSE166555_Patient026
пациент,кишка,crc_GSE188711|crc_GSE188711_GSM5688707
пациент,кишка,crc_GSE188711|crc_GSE188711_GSM5688709
пациент,кишка,crc_GSE188711|crc_GSE188711_GSM5688711
пациент,кишка,crc_HOLee_GSE132257|crc_HOLee_GSE132465_SMC13
пациент,кишка,crc_HOLee_GSE132465|crc_HOLee_GSE132465_SMC04
пациент,кишка,crc_HOLee_GSE132465|crc_HOLee_GSE132465_SMC14
пациент,кишка,crc_HOLee_GSE132465|crc_HOLee_GSE132465_SMC15
пациент,кишка,crc_HOLee_GSE132465|crc_HOLee_GSE132465_SMC17
пациент,кишка,crc_HOLee_GSE132465|crc_HOLee_GSE132465_SMC20
пациент,кишка,crc_HOLee_GSE144735|crc_HOLee_GSE132465_KUL21
пациент,кишка,crc_pan_blueprint|crc_pan_blueprint_33
пациент,кишка,crc_pan_blueprint|crc_pan_blueprint_33
пациент,кишка,crc_pan_blueprint|crc_pan_blueprint_35
пациент,кишка,crc_pan_blueprint|crc_pan_blueprint_35
пациент,кишка,crc_pan_blueprint|crc_pan_blueprint_37
пациент,лёгкое,lu_HRA000154|lu_HRA000154_SSN05
пациент,лёгкое,lu_HRA000154|lu_HRA000154_SSN11
пациент,лёгкое,lu_HRA000154|lu_HRA000154_SSN27
пациент,лёгкое,lu_HRA000154|lu_HRA000154_SSN28
пациент,лёгкое,lu_HRA000154|lu_HRA000154_SSN29
пациент,лёгкое,lu_HRA000154|lu_HRA000154_SSN30
пациент,лёгкое,lu_adc_GSE123902|lu_adc_GSE123902_MSK_LX666
пациент,лёгкое,lu_adc_GSE123902|lu_adc_GSE123902_MSK_LX255B
пациент,лёгкое,lu_adc_GSE123902|lu_adc_GSE123902_MSK_LX680
пациент,лёгкое,lu_adc_GSE123902|lu_adc_GSE123902_MSK_LX681
пациент,лёгкое,lu_adc_GSE131907|lu_adc_GSE131907_P1011
пациент,лёгкое,lu_adc_GSE131907|lu_adc_GSE131907_P1058
пациент,лёгкое,lu_adc_GSE131907|lu_adc_GSE131907_P1006
пациент,лёгкое,lu_adc_GSE131907|lu_adc_GSE131907_P1012
пациент,лёгкое,lu_adc_GSE131907|lu_adc_GSE131907_P1013
пациент,лёгкое,lu_adc_GSE131907|lu_adc_GSE131907_P1015
пациент,лёгкое,lu_adc_GSE131907|lu_adc_GSE131907_P1028
пациент,лёгкое,lu_adc_GSE131907|lu_adc_GSE131907_P1049
пациент,лёгкое,lu_adc_GSE131907|lu_adc_GSE131907_P1051
пациент,лёгкое,lu_adc_GSE131907|lu_adc_GSE131907_P0018
пациент,лёгкое,lu_adc_GSE131907|lu_adc_GSE131907_P0019
пациент,лёгкое,lu_adc_GSE131907|lu_adc_GSE131907_P0020
пациент,лёгкое,lu_adc_GSE131907|lu_adc_GSE131907_P0028
пациент,лёгкое,lu_adc_GSE131907|lu_adc_GSE131907_P0031
пациент,лёгкое,lu_adc_GSE131907|lu_adc_GSE131907_P3002
пациент,лёгкое,lu_adc_GSE131907|lu_adc_GSE131907_P3003
пациент,лёгкое,lu_adc_GSE131907|lu_adc_GSE131907_P3004
пациент,лёгкое,lu_adc_GSE131907|lu_adc_GSE131907_P3007
пациент,лёгкое,lu_adc_GSE131907|lu_adc_GSE131907_P3012
пациент,лёгкое,lu_adc_GSE131907|lu_adc_GSE131907_P3013
пациент,лёгкое,lu_adc_GSE131907|lu_adc_GSE131907_P3016
пациент,лёгкое,lu_adc_GSE131907|lu_adc_GSE131907_P3017
пациент,лёгкое,lu_adc_GSE131907|lu_adc_GSE131907_P3019
пациент,лёгкое,lu_adc_GSE146100|lu_adc_GSE146100_lung_immuno
пациент,лёгкое,lu_adc_codeocean|lu_adc_codeocean_p018
пациент,лёгкое,lu_adc_codeocean|lu_adc_codeocean_p019
пациент,лёгкое,lu_adc_codeocean|lu_adc_codeocean_p023
пациент,лёгкое,lu_adc_codeocean|lu_adc_codeocean_p024
пациент,лёгкое,lu_adc_codeocean|lu_adc_codeocean_p027
пациент,лёгкое,lu_adc_codeocean|lu_adc_codeocean_p031
пациент,лёгкое,lu_adc_codeocean|lu_adc_codeocean_p032
пациент,лёгкое,lu_adc_codeocean|lu_adc_codeocean_p034
пациент,лёгкое,lu_nsclc_pan_blueprint_lung|pan_bluprint_lung_2
пациент,лёгкое,lu_nsclc_pan_blueprint_lung|pan_bluprint_lung_2
пациент,лёгкое,lu_nsclc_pan_blueprint_lung|pan_bluprint_lung_3
пациент,лёгкое,lu_nsclc_pan_blueprint_lung|pan_bluprint_lung_3
пациент,лёгкое,lu_nsclc_pan_blueprint_lung|pan_bluprint_lung_3
пациент,лёгкое,lu_nsclc_pan_blueprint_lung|pan_bluprint_lung_4
пациент,лёгкое,lu_nsclc_pan_blueprint_lung|pan_bluprint_lung_4
пациент,лёгкое,lu_nsclc_pan_blueprint_lung|pan_bluprint_lung_4
пациент,лёгкое,lu_nsclc_pan_blueprint_lung|pan_bluprint_lung_5
пациент,лёгкое,lu_nsclc_pan_blueprint_lung|pan_bluprint_lung_5
пациент,лёгкое,lu_nsclc_pan_blueprint_lung|pan_bluprint_lung_5
пациент,лёгкое,lu_nsclc_pan_blueprint_lung|pan_bluprint_lung_7
пациент,лёгкое,lu_nsclc_pan_blueprint_lung|pan_bluprint_lung_8
пациент,лёгкое,lu_sclc_GSE150766|lu_sclc_GSE150766_GSM4558305
пациент,лёгкое,pan_GSE140819|pan_GSE140819_NSCLC14
пациент,лёгкое,pan_GSE140819|pan_GSE140819_NSCLC14
пациент,лёгкое,pan_GSE140819|pan_GSE140819_NSCLC14
пациент,молочная,pan_GSE140819|pan_GSE140819_HTAPP-963-SMP-4741
пациент,молочная,pan_GSE140819|pan_GSE140819_HTAPP-394-SMP-1561
пациент,молочная,pan_GSE140819|pan_GSE140819_HTAPP-394-SMP-1561
пациент,молочная,pan_GSE140819|pan_GSE140819_HTAPP-589-SMP-2851
пациент,молочная,pan_GSE140819|pan_GSE140819_HTAPP-589-SMP-2851
пациент,молочная,pan_GSE140819|pan_GSE140819_HTAPP-963-SMP-4741
пациент,молочная,pan_GSE140819|pan_GSE140819_HTAPP-963-SMP-4741
пациент,яичник,pan_GSE140819|pan_GSE140819_HTAPP-316-SMP-991
пациент,яичник,pan_GSE140819|pan_GSE140819_HTAPP-316-SMP-991
пациент,яичник,pan_GSE140819|pan_GSE140819_HTAPP-316-SMP-991
пациент,молочная,br_GSE161529|br_GSE161529_Patient_0126
пациент,молочная,br_GSE161529|br_GSE161529_Patient_0135
пациент,молочная,br_GSE161529|br_GSE161529_Patient_0114
пациент,молочная,br_GSE161529|br_GSE161529_Patient_4031
пациент,молочная,br_GSE161529|br_GSE161529_Patient_0554
пациент,молочная,br_GSE161529|br_GSE161529_Patient_0177
пациент,молочная,br_GSE161529|br_GSE161529_Patient_0308
пациент,молочная,br_GSE161529|br_GSE161529_Patient_0337
пациент,молочная,br_GSE161529|br_GSE161529_Patient_0031
пациент,молочная,br_GSE161529|br_GSE161529_Patient_0069
пациент,молочная,br_GSE161529|br_GSE161529_Patient_0161
пациент,молочная,br_GSE161529|br_GSE161529_Patient_0176
пациент,молочная,br_GSE161529|br_GSE161529_Patient_0319
пациент,молочная,br_GSE161529|br_GSE161529_Patient_0001
пациент,молочная,br_GSE161529|br_GSE161529_Patient_0360
пациент,молочная,br_GSE161529|br_GSE161529_Patient_0114
пациент,молочная,br_GSE161529|br_GSE161529_Patient_0032
пациент,молочная,br_GSE161529|br_GSE161529_Patient_0042
пациент,молочная,br_GSE161529|br_GSE161529_Patient_0025
пациент,молочная,br_GSE161529|br_GSE161529_Patient_0151
пациент,молочная,br_GSE161529|br_GSE161529_Patient_0163
пациент,молочная,br_GSE161529|br_GSE161529_Patient_0029
пациент,молочная,br_GSE161529|br_GSE161529_Patient_0029
пациент,молочная,br_GSE161529|br_GSE161529_Patient_0043
пациент,молочная,br_GSE161529|br_GSE161529_Patient_0043
пациент,молочная,br_GSE161529|br_GSE161529_Patient_0056
пациент,молочная,br_GSE161529|br_GSE161529_Patient_0056
пациент,молочная,br_GSE161529|br_GSE161529_Patient_0064.T
пациент,молочная,br_GSE161529|br_GSE161529_Patient_0064.T
пациент,молочная,br_GSE161529|br_GSE161529_Patient_0167
пациент,молочная,br_GSE161529|br_GSE161529_Patient_0167
пациент,молочная,br_GSE161529|br_GSE161529_Patient_0173
пациент,молочная,br_GSE161529|br_GSE161529_Patient_0173
пациент,молочная,br_GSE161529|br_GSE161529_Patient_0178
пациент,молочная,br_GSE161529|br_GSE161529_Patient_0068
пациент,молочная,br_GSE161529|br_GSE161529_Patient_0068
пациент,молочная,br_GSE176078|br_GSE176078_CID3921
пациент,молочная,br_GSE176078|br_GSE176078_CID3941
пациент,молочная,br_GSE176078|br_GSE176078_CID4066
пациент,молочная,br_GSE176078|br_GSE176078_CID4067
пациент,молочная,br_GSE176078|br_GSE176078_CID4290A
пациент,молочная,br_GSE176078|br_GSE176078_CID4461
пациент,молочная,br_GSE176078|br_GSE176078_CID4463
пациент,молочная,br_GSE176078|br_GSE176078_CID4465
пациент,молочная,br_GSE176078|br_GSE176078_CID4471
пациент,молочная,br_GSE176078|br_GSE176078_CID4495
пациент,молочная,br_GSE176078|br_GSE176078_CID44971
пациент,молочная,br_GSE176078|br_GSE176078_CID44991
пациент,молочная,br_GSE176078|br_GSE176078_CID4513
пациент,молочная,br_GSE176078|br_GSE176078_CID4515
пациент,молочная,br_GSE176078|br_GSE176078_CID45171
пациент,молочная,br_GSE176078|br_GSE176078_CID4530N
пациент,молочная,br_GSE176078|br_GSE176078_CID4535
пациент,молочная,br_pan_blueprint|br_pan_blueprint_42
пациент,молочная,br_pan_blueprint|br_pan_blueprint_43
пациент,молочная,br_pan_blueprint|br_pan_blueprint_47
пациент,молочная,br_pan_blueprint|br_pan_blueprint_48
пациент,молочная,br_pan_blueprint|br_pan_blueprint_49
пациент,молочная,br_pan_blueprint|br_pan_blueprint_51
пациент,молочная,br_pan_blueprint|br_pan_blueprint_53
пациент,молочная,br_pan_blueprint|br_pan_blueprint_54
пациент,молочная,br_pdac_GSE179705|br_pdac_GSE179705_GSM5655248
пациент,молочная,br_pdac_GSE179705|br_pdac_GSE179705_GSM5655249
пациент,молочная,br_tnbc_PRJEB35405|br_tnbc_PRJEB35405_P2
пациент,молочная,br_tnbc_PRJEB35405|br_tnbc_PRJEB35405_P3
пациент,молочная,br_tnbc_PRJEB35405|br_tnbc_PRJEB35405_P5
пациент,молочная,br_tnbc_pan_GSE148673|br_tnbc_pan_GSE148673_GSM4476485
пациент,молочная,br_tnbc_pan_GSE148673|br_tnbc_pan_GSE148673_GSM4476486
пациент,молочная,br_tnbc_pan_GSE148673|br_tnbc_pan_GSE148673_GSM4476487
пациент,молочная,br_tnbc_pan_GSE148673|br_tnbc_pan_GSE148673_GSM4476488
пациент,молочная,br_tnbc_pan_GSE148673|br_tnbc_pan_GSE148673_GSM4476489
пациент,молочная,br_tnbc_pan_GSE148673|br_tnbc_pan_GSE148673_GSM5074416
пациент,молочная,br_tnbc_pan_GSE148673|br_tnbc_pan_GSE148673_GSM5074417
пациент,панкреас,pdac_GSE154778|pdac_GSE154778_P02
пациент,панкреас,pdac_GSE154778|pdac_GSE154778_P04
пациент,панкреас,pdac_GSE154778|pdac_GSE154778_P06
пациент,панкреас,pdac_GSE154778|pdac_GSE154778_MET02
пациент,панкреас,pdac_GSE154778|pdac_GSE154778_MET04
пациент,панкреас,pdac_GSE154778|pdac_GSE154778_MET05
пациент,панкреас,pdac_GSE154778|pdac_GSE154778_MET06
пациент,панкреас,pdac_GSE155698|GSE155698_PDAC_10
пациент,панкреас,pdac_GSE155698|GSE155698_PDAC_11
пациент,панкреас,pdac_GSE155698|GSE155698_PDAC_11
пациент,панкреас,pdac_GSE155698|GSE155698_PDAC_13
пациент,панкреас,pdac_GSE155698|GSE155698_PDAC_15
пациент,панкреас,pdac_GSE155698|GSE155698_PDAC_2
пациент,панкреас,pdac_GSE155698|GSE155698_PDAC_3
пациент,панкреас,pdac_GSE155698|GSE155698_PDAC_5
пациент,панкреас,pdac_GSE155698|GSE155698_PDAC_6
пациент,панкреас,pdac_GSE155698|GSE155698_PDAC_7
пациент,панкреас,pdac_GSE155698|GSE155698_PDAC_8
пациент,панкреас,pdac_GSE155698|GSE155698_PDAC_9
пациент,панкреас,pdac_GSE156405|pdac_GSE156405_GSM4730261_P2
пациент,панкреас,pdac_GSE156405|pdac_GSE156405_GSM4730262_P3
пациент,панкреас,pdac_GSE156405|pdac_GSE156405_GSM4730263_P4
пациент,панкреас,pdac_GSE156405|pdac_GSE156405_GSM4730265_VM
пациент,панкреас,pdac_GSE156405|pdac_GSE156405_GSM4730266_LiM
пациент,панкреас,pdac_GSE156405|pdac_GSE156405_GSM4730267_LuM
пациент,панкреас,pdac_GSE214295|pdac_GSE214295_GSM6603324
пациент,панкреас,pdac_GSE214295|pdac_GSE214295_GSM6603325
пациент,панкреас,pdac_PRJCA001063|pdac_PRJCA001063_T14
пациент,панкреас,pdac_PRJCA001063|pdac_PRJCA001063_T15
пациент,панкреас,pdac_PRJCA001063|pdac_PRJCA001063_T16
пациент,панкреас,pdac_PRJCA001063|pdac_PRJCA001063_T17
пациент,панкреас,pdac_PRJCA001063|pdac_PRJCA001063_T19
пациент,панкреас,pdac_PRJCA001063|pdac_PRJCA001063_T20
пациент,панкреас,pdac_PRJCA001063|pdac_PRJCA001063_T21
пациент,панкреас,pdac_PRJCA001063|pdac_PRJCA001063_T22
пациент,панкреас,pdac_PRJCA001063|pdac_PRJCA001063_T2
пациент,панкреас,pdac_PRJCA001063|pdac_PRJCA001063_T3
пациент,панкреас,pdac_PRJCA001063|pdac_PRJCA001063_T6
пациент,панкреас,pdac_PRJCA001063|pdac_PRJCA001063_T8
пациент,панкреас,pdac_PRJCA001063|pdac_PRJCA001063_T9
пациент,яичник,gyn_GSE173682|gyn_GSE173682_Patient_8_3BAE2L_RNA
пациент,яичник,gyn_GSE173682|gyn_GSE173682_Patient_10_3CCF1L_RNA
пациент,яичник,gyn_GSE173682|gyn_GSE173682_Patient_9_3E5CFL_RNA
пациент,яичник,ov_GSE184880|ov_GSE184880_GSM5599225
пациент,яичник,ov_GSE184880|ov_GSE184880_GSM5599226
пациент,яичник,ov_GSE184880|ov_GSE184880_GSM5599230
пациент,яичник,ov_GSE184880|ov_GSE184880_GSM5599231
пациент,яичник,ov_GSE213243|ov_GSE213243_GSM6576367
пациент,яичник,ov_hgs_GSE154600|ov_GSE154600_T59
пациент,яичник,ov_hgs_GSE154600|ov_GSE154600_T90
пациент,яичник,ov_hgs_GSE158937|GSE158937_16030X2
пациент,яичник,ov_hgs_GSE158937|GSE158937_16030X4
пациент,яичник,ov_hgstoc_pan_blueprint_ovary|pan_blue_hgstoc_P3
пациент,яичник,ov_hgstoc_pan_blueprint_ovary|pan_blue_hgstoc_P6
пациент,яичник,ov_hgstoc_pan_blueprint_ovary|pan_blue_hgstoc_P1
пациент,яичник,ov_hgstoc_pan_blueprint_ovary|pan_blue_hgstoc_P1
пациент,яичник,ov_meta_GSE165897|ov_meta_GSE165897_EOC153
пациент,яичник,ov_meta_GSE165897|ov_meta_GSE165897_EOC227
пациент,яичник,ov_pan_blueprint_ovary|pan_blueprint_ovary_11
пациент,яичник,ov_pan_blueprint_ovary|pan_blueprint_ovary_11
пациент,яичник,ov_pan_blueprint_ovary|pan_blueprint_ovary_14
органоид,панкреас,ACH-002421
органоид,панкреас,ACH-002424
органоид,панкреас,ACH-002426
органоид,панкреас,ACH-002448
органоид,желудок,ACH-002730
органоид,желудок,ACH-002731
органоид,желудок,ACH-002733
органоид,желудок,ACH-002734
органоид,желудок,ACH-002735
органоид,желудок,ACH-002736
органоид,желудок,ACH-002737
органоид,панкреас,ACH-002738
органоид,панкреас,ACH-002742
органоид,панкреас,ACH-002743
органоид,панкреас,ACH-002744
органоид,панкреас,ACH-002745
органоид,желудок,ACH-002746
органоид,желудок,ACH-002748
органоид,желудок,ACH-002751
органоид,желудок,ACH-002757
органоид,желудок,ACH-002777
органоид,кишка,ACH-002839
органоид,кишка,ACH-002840
органоид,кишка,ACH-002841
органоид,молочная,ACH-002882
органоид,молочная,ACH-002883
органоид,молочная,ACH-002884
органоид,молочная,ACH-002885
органоид,желудок,ACH-002919
органоид,молочная,ACH-002947
органоид,молочная,ACH-002948
органоид,молочная,ACH-002949
органоид,молочная,ACH-002950
органоид,молочная,ACH-002951
органоид,желудок,ACH-002952
органоид,желудок,ACH-002955
органоид,желудок,ACH-002957
органоид,желудок,ACH-002958
органоид,желудок,ACH-002962
органоид,желудок,ACH-002963
органоид,желудок,ACH-002967
органоид,желудок,ACH-002968
органоид,желудок,ACH-002969
органоид,желудок,ACH-002972
органоид,желудок,ACH-002978
органоид,желудок,ACH-002979
органоид,желудок,ACH-002982
органоид,панкреас,ACH-002999
органоид,панкреас,ACH-003000
органоид,яичник,ACH-003001
органоид,яичник,ACH-003003
органоид,яичник,ACH-003005
органоид,яичник,ACH-003007
органоид,яичник,ACH-003009
органоид,яичник,ACH-003011
органоид,панкреас,ACH-003013
органоид,панкреас,ACH-003014
органоид,панкреас,ACH-003015
органоид,молочная,ACH-003022
органоид,молочная,ACH-003023
органоид,молочная,ACH-003024
органоид,молочная,ACH-003026
органоид,молочная,ACH-003027
органоид,молочная,ACH-003030
органоид,панкреас,ACH-003031
органоид,панкреас,ACH-003035
органоид,панкреас,ACH-003036
органоид,панкреас,ACH-003039
органоид,панкреас,ACH-003040
органоид,панкреас,ACH-003041
органоид,панкреас,ACH-003044
органоид,панкреас,ACH-003045
органоид,панкреас,ACH-003046
органоид,панкреас,ACH-003047
органоид,яичник,ACH-003050
органоид,яичник,ACH-003051
органоид,яичник,ACH-003053
органоид,яичник,ACH-003054
органоид,яичник,ACH-003056
органоид,панкреас,ACH-003122
органоид,панкреас,ACH-003126
органоид,молочная,ACH-003127
органоид,молочная,ACH-003129
органоид,молочная,ACH-003130
органоид,молочная,ACH-003131
органоид,панкреас,ACH-003193
органоид,молочная,ACH-003210
органоид,молочная,ACH-003215
органоид,молочная,ACH-003216
органоид,панкреас,ACH-003331
органоид,кишка,ACH-003332
органоид,кишка,ACH-003333
органоид,кишка,ACH-003334
органоид,кишка,ACH-003335
органоид,кишка,ACH-003336
органоид,кишка,ACH-003337
органоид,панкреас,ACH-003341
органоид,панкреас,ACH-003342
органоид,кишка,ACH-003345
органоид,кишка,ACH-003346
органоид,кишка,ACH-003348
органоид,яичник,ACH-003350
органоид,молочная,ACH-003359
органоид,молочная,ACH-003360
органоид,кишка,ACH-003363
органоид,кишка,ACH-003364
органоид,кишка,ACH-003365
органоид,кишка,ACH-003366
органоид,кишка,ACH-003367
органоид,панкреас,ACH-003369
органоид,панкреас,ACH-003370
органоид,панкреас,ACH-003371
органоид,панкреас,ACH-003373
органоид,молочная,ACH-003374
органоид,панкреас,ACH-003378
органоид,панкреас,ACH-003379
органоид,панкреас,ACH-003380
органоид,панкреас,ACH-003382
органоид,кишка,ACH-003386
органоид,кишка,ACH-003387
органоид,кишка,ACH-003388
органоид,кишка,ACH-003389
органоид,кишка,ACH-003390
органоид,кишка,ACH-003391
органоид,кишка,ACH-003399
органоид,кишка,ACH-003400
органоид,кишка,ACH-003401
органоид,кишка,ACH-003402
органоид,желудок,ACH-003416
органоид,желудок,ACH-003424
органоид,желудок,ACH-003425
органоид,панкреас,ACH-003432
органоид,панкреас,ACH-003434
органоид,панкреас,ACH-003466
органоид,панкреас,ACH-003467
органоид,панкреас,ACH-003477
органоид,панкреас,ACH-003479
органоид,желудок,ACH-003624
органоид,желудок,ACH-003626
органоид,желудок,ACH-003627
органоид,желудок,ACH-003628
органоид,желудок,ACH-003629
органоид,желудок,ACH-003630
органоид,желудок,ACH-003631
органоид,молочная,ACH-003704
органоид,кишка,ACH-003705
органоид,кишка,ACH-003707
органоид,лёгкое,ACH-003720
органоид,лёгкое,ACH-003721
органоид,яичник,ACH-003723
органоид,молочная,ACH-003834
органоид,молочная,ACH-003839
2D,лёгкое,ACH-001113
2D,панкреас,ACH-001098
2D,кишка,ACH-000708
2D,лёгкое,ACH-000327
2D,лёгкое,ACH-000769
2D,лёгкое,ACH-000528
2D,молочная,ACH-000828
2D,кишка,ACH-000421
2D,панкреас,ACH-001375
2D,лёгкое,ACH-000800
2D,желудок,ACH-000678
2D,яичник,ACH-000123
2D,панкреас,ACH-001377
2D,панкреас,ACH-000138
2D,молочная,ACH-000117
2D,кишка,ACH-000999
2D,желудок,ACH-000633
2D,лёгкое,ACH-000585
2D,яичник,ACH-000520
2D,лёгкое,ACH-000176
2D,лёгкое,ACH-000587
2D,лёгкое,ACH-000785
2D,лёгкое,ACH-000627
2D,яичник,ACH-000704
2D,молочная,ACH-000276
2D,молочная,ACH-000554
2D,молочная,ACH-000818
2D,желудок,ACH-000880
2D,лёгкое,ACH-000392
2D,лёгкое,ACH-000035
2D,молочная,ACH-000856
2D,кишка,ACH-000552
2D,панкреас,ACH-000222
2D,кишка,ACH-000798
2D,лёгкое,ACH-000894
2D,яичник,ACH-000608
2D,кишка,ACH-000501
2D,желудок,ACH-000344
2D,молочная,ACH-000223
2D,панкреас,ACH-000031
2D,лёгкое,ACH-000638
2D,лёгкое,ACH-000596
2D,панкреас,ACH-000332
2D,кишка,ACH-000998
2D,кишка,ACH-001456
2D,кишка,ACH-000971
2D,кишка,ACH-001454
2D,кишка,ACH-000926
2D,лёгкое,ACH-000578
2D,лёгкое,ACH-000033
2D,молочная,ACH-000019
2D,молочная,ACH-000330
2D,лёгкое,ACH-000481
2D,панкреас,ACH-001382
2D,яичник,ACH-001403
2D,лёгкое,ACH-000690
2D,желудок,ACH-000847
2D,лёгкое,ACH-000858
2D,молочная,ACH-000725
2D,лёгкое,ACH-000787
2D,лёгкое,ACH-000749
2D,лёгкое,ACH-000868
2D,панкреас,ACH-000213
2D,молочная,ACH-000643
2D,кишка,ACH-000991
2D,лёгкое,ACH-000700
2D,лёгкое,ACH-000672
2D,кишка,ACH-002024
2D,лёгкое,ACH-000186
2D,лёгкое,ACH-000677
2D,лёгкое,ACH-000021
2D,кишка,ACH-000009
2D,лёгкое,ACH-000980
2D,лёгкое,ACH-000845
2D,молочная,ACH-000711
2D,панкреас,ACH-000354
2D,лёгкое,ACH-000012
2D,кишка,ACH-000963
2D,желудок,ACH-001653
2D,лёгкое,ACH-000698
2D,лёгкое,ACH-003120
2D,кишка,ACH-000342
2D,кишка,ACH-000249
2D,лёгкое,ACH-000662
2D,лёгкое,ACH-000867
2D,панкреас,ACH-001378
2D,молочная,ACH-000248
2D,лёгкое,ACH-000261
2D,кишка,ACH-000943
2D,панкреас,ACH-000164
2D,молочная,ACH-000783
2D,лёгкое,ACH-000766
2D,лёгкое,ACH-000343
2D,молочная,ACH-000857
2D,молочная,ACH-002499
2D,панкреас,ACH-000535
2D,лёгкое,ACH-000733
2D,желудок,ACH-002544
2D,лёгкое,ACH-000774
2D,панкреас,ACH-000178
2D,кишка,ACH-002886
2D,яичник,ACH-001145
2D,кишка,ACH-002654
2D,яичник,ACH-000116
2D,лёгкое,ACH-000921
2D,кишка,ACH-002664
2D,яичник,ACH-001373
2D,яичник,ACH-000324
2D,молочная,ACH-000759
2D,яичник,ACH-001340
2D,яичник,ACH-001369
2D,кишка,ACH-000842
2D,панкреас,ACH-000517
2D,лёгкое,ACH-000681
2D,лёгкое,ACH-003012
2D,панкреас,ACH-000108
2D,лёгкое,ACH-000482
2D,панкреас,ACH-002672
2D,желудок,ACH-000758
2D,молочная,ACH-000910
2D,кишка,ACH-000997
2D,лёгкое,ACH-000779
2D,лёгкое,ACH-000866
2D,желудок,ACH-002446
2D,яичник,ACH-000811
2D,яичник,ACH-000584
2D,лёгкое,ACH-000586
2D,лёгкое,ACH-000451
2D,кишка,ACH-002662
2D,лёгкое,ACH-000378
2D,кишка,ACH-000982
2D,лёгкое,ACH-000575
2D,лёгкое,ACH-000379
2D,лёгкое,ACH-000454
2D,лёгкое,ACH-000712
2D,лёгкое,ACH-000161
2D,лёгкое,ACH-000395
2D,яичник,ACH-000308
2D,кишка,ACH-001459
2D,лёгкое,ACH-000511
2D,лёгкое,ACH-000916
2D,желудок,ACH-000144
2D,лёгкое,ACH-000837
2D,яичник,ACH-000048
2D,лёгкое,ACH-000463
2D,кишка,ACH-000467
2D,молочная,ACH-000147
2D,молочная,ACH-000930
2D,лёгкое,ACH-000861
2D,кишка,ACH-000565
2D,лёгкое,ACH-000399
2D,кишка,ACH-002539
2D,лёгкое,ACH-000066
2D,желудок,ACH-000507
2D,панкреас,ACH-000107
2D,панкреас,ACH-000022
2D,молочная,ACH-000374
2D,желудок,ACH-000908
2D,кишка,ACH-001461
2D,яичник,ACH-000574
2D,молочная,ACH-000148
2D,лёгкое,ACH-000563
2D,яичник,ACH-000646
2D,лёгкое,ACH-000562
2D,лёгкое,ACH-000314
2D,молочная,ACH-001705
2D,яичник,ACH-000430
2D,яичник,ACH-001630
2D,молочная,ACH-001392
2D,лёгкое,ACH-002650
2D,панкреас,ACH-000235
2D,кишка,ACH-000381
2D,кишка,ACH-000403
2D,кишка,ACH-000400
2D,лёгкое,ACH-000757
2D,лёгкое,ACH-000893
2D,яичник,ACH-000962
2D,молочная,ACH-000668
2D,панкреас,ACH-000601
2D,яичник,ACH-000635
2D,яичник,ACH-000966
2D,лёгкое,ACH-000924
2D,кишка,ACH-002532
2D,молочная,ACH-000876
2D,желудок,ACH-000225
2D,яичник,ACH-000657
2D,кишка,ACH-000296
2D,молочная,ACH-000624
2D,молочная,ACH-000699
2D,молочная,ACH-000044
2D,яичник,ACH-000713
2D,яичник,ACH-000719
2D,лёгкое,ACH-000892
2D,молочная,ACH-002921
2D,панкреас,ACH-000042
2D,лёгкое,ACH-000447
2D,молочная,ACH-001396
2D,панкреас,ACH-000093
2D,лёгкое,ACH-000590
2D,желудок,ACH-000356
2D,лёгкое,ACH-000339
2D,яичник,ACH-002486
2D,лёгкое,ACH-000553
2D,лёгкое,ACH-000789
2D,панкреас,ACH-000094
2D,лёгкое,ACH-002170
2D,яичник,ACH-001278
2D,желудок,ACH-000255
2D,молочная,ACH-000352
2D,лёгкое,ACH-000416
2D,панкреас,ACH-000205
2D,лёгкое,ACH-000731
2D,лёгкое,ACH-000670
2D,панкреас,ACH-000599
2D,молочная,ACH-001419
2D,яичник,ACH-000103
2D,лёгкое,ACH-000442
2D,кишка,ACH-000286
2D,лёгкое,ACH-000841
2D,панкреас,ACH-000139
2D,молочная,ACH-001390
2D,кишка,ACH-002025
2D,кишка,ACH-001345
2D,молочная,ACH-001389
2D,лёгкое,ACH-000860
2D,яичник,ACH-000947
2D,желудок,ACH-000764
2D,лёгкое,ACH-000744
2D,яичник,ACH-000333
2D,лёгкое,ACH-000853
2D,желудок,ACH-001664
2D,лёгкое,ACH-000929
2D,молочная,ACH-001395
2D,лёгкое,ACH-000390
2D,лёгкое,ACH-002490
2D,желудок,ACH-000948
2D,молочная,ACH-001683
2D,яичник,ACH-000617
2D,лёгкое,ACH-000311
2D,кишка,ACH-000955
2D,лёгкое,ACH-000675
2D,кишка,ACH-001061
2D,лёгкое,ACH-000496
2D,панкреас,ACH-000270
2D,лёгкое,ACH-000062
2D,панкреас,ACH-000155
2D,молочная,ACH-000536
2D,желудок,ACH-000427
2D,кишка,ACH-000895
2D,кишка,ACH-000683
2D,лёгкое,ACH-000878
2D,панкреас,ACH-001380
2D,лёгкое,ACH-000851
2D,кишка,ACH-000412
2D,лёгкое,ACH-000891
2D,лёгкое,ACH-003119
2D,лёгкое,ACH-000603
2D,молочная,ACH-001819
2D,кишка,ACH-001786
2D,яичник,ACH-001279
2D,панкреас,ACH-001376
2D,кишка,ACH-000470
2D,лёгкое,ACH-000813
2D,панкреас,ACH-002039
2D,панкреас,ACH-000118
2D,панкреас,ACH-000266
2D,лёгкое,ACH-000434
2D,молочная,ACH-002401
2D,панкреас,ACH-001999
2D,яичник,ACH-000237
2D,лёгкое,ACH-000521
2D,кишка,ACH-000089
2D,молочная,ACH-000212
2D,молочная,ACH-000621
2D,панкреас,ACH-000265
2D,яичник,ACH-000132
2D,яичник,ACH-001628
2D,яичник,ACH-000906
2D,панкреас,ACH-003433
2D,яичник,ACH-001370
2D,яичник,ACH-000936
2D,молочная,ACH-000849
2D,молочная,ACH-000028
2D,лёгкое,ACH-000665
2D,лёгкое,ACH-000150
2D,лёгкое,ACH-002531
2D,желудок,ACH-000911
2D,яичник,ACH-000013
2D,кишка,ACH-002667
2D,панкреас,ACH-000652
2D,кишка,ACH-000252
2D,лёгкое,ACH-000414
2D,яичник,ACH-000091
2D,кишка,ACH-000007
2D,панкреас,ACH-000085
2D,лёгкое,ACH-000869
2D,лёгкое,ACH-002522
2D,молочная,ACH-000277
2D,кишка,ACH-000489
2D,панкреас,ACH-000023
2D,лёгкое,ACH-000975
2D,лёгкое,ACH-000706
2D,яичник,ACH-000460
2D,яичник,ACH-000443
2D,кишка,ACH-002660
2D,кишка,ACH-000986
2D,лёгкое,ACH-000337
2D,лёгкое,ACH-003121
2D,молочная,ACH-001394
2D,панкреас,ACH-000307
2D,панкреас,ACH-000281
2D,кишка,ACH-000985
2D,панкреас,ACH-000347
2D,кишка,ACH-001399
2D,лёгкое,ACH-000298
2D,лёгкое,ACH-000251
2D,лёгкое,ACH-002526
2D,кишка,ACH-000350
2D,яичник,ACH-000663
2D,лёгкое,ACH-000826
2D,яичник,ACH-000291
2D,кишка,ACH-001458
2D,молочная,ACH-000721
2D,кишка,ACH-000970
2D,лёгкое,ACH-000886
2D,кишка,ACH-000003
2D,лёгкое,ACH-000888
2D,лёгкое,ACH-000669
2D,лёгкое,ACH-000844
2D,кишка,ACH-002659
2D,лёгкое,ACH-000030
2D,лёгкое,ACH-000589
2D,кишка,ACH-000950
2D,лёгкое,ACH-000925
2D,яичник,ACH-000409
2D,желудок,ACH-000616
2D,лёгкое,ACH-000628
2D,лёгкое,ACH-000510
2D,кишка,ACH-000959
2D,кишка,ACH-000820
2D,яичник,ACH-002524
2D,лёгкое,ACH-000264
2D,кишка,ACH-000967
2D,яичник,ACH-000796
2D,панкреас,ACH-001353
2D,кишка,ACH-002538
2D,панкреас,ACH-000060
2D,яичник,ACH-000001
2D,кишка,ACH-000957
2D,лёгкое,ACH-001591
2D,кишка,ACH-002535
2D,молочная,ACH-000097
2D,яичник,ACH-000256
2D,молочная,ACH-000859
2D,лёгкое,ACH-002035
2D,яичник,ACH-001719
2D,панкреас,ACH-000243
2D,яичник,ACH-001418
2D,молочная,ACH-000927
2D,панкреас,ACH-000502
2D,кишка,ACH-000935
2D,лёгкое,ACH-000843
2D,желудок,ACH-000761
2D,желудок,ACH-000466
2D,лёгкое,ACH-000840
2D,яичник,ACH-001151
2D,яичник,ACH-000701
2D,яичник,ACH-000542
2D,яичник,ACH-001632
2D,панкреас,ACH-000468
2D,молочная,ACH-002399
2D,лёгкое,ACH-000912
2D,лёгкое,ACH-000667
2D,яичник,ACH-001048
2D,лёгкое,ACH-000015
2D,лёгкое,ACH-000791
2D,молочная,ACH-001391
2D,молочная,ACH-000768
2D,молочная,ACH-000288
2D,лёгкое,ACH-000872
2D,молочная,ACH-001662
2D,молочная,ACH-000349
2D,яичник,ACH-000524
2D,яичник,ACH-000527
2D,яичник,ACH-000885
2D,лёгкое,ACH-000900
2D,лёгкое,ACH-000029
2D,лёгкое,ACH-000718
2D,яичник,ACH-000278
2D,молочная,ACH-000934
2D,кишка,ACH-000202
2D,панкреас,ACH-001379
2D,панкреас,ACH-000114
2D,панкреас,ACH-000320
2D,кишка,ACH-000532
2D,яичник,ACH-000696
2D,лёгкое,ACH-000781
2D,лёгкое,ACH-000747
2D,желудок,ACH-003437
2D,панкреас,ACH-000417
2D,кишка,ACH-002669
