gene	organ	identical_control_set	self_included_baseline	self_included_corrected	controls	control_set_sha256_prefix_baseline	control_set_sha256_prefix_corrected
AIM2	stomach	True	0	0	400	b2d62ba99c567732	b2d62ba99c567732
APAF1	stomach	True	0	0	400	a044bd0a49ecceae	a044bd0a49ecceae
B2M	stomach	True	0	0	400	4c84a87c5d52e057	4c84a87c5d52e057
BAK1	stomach	True	0	0	400	b60d638c837821c1	b60d638c837821c1
BAX	stomach	True	0	0	400	f021fa4736c23ef0	f021fa4736c23ef0
BCL2	stomach	True	0	0	400	d85cfe290c9aee1c	d85cfe290c9aee1c
BCL2L1	stomach	True	0	0	400	deb9769fff6c6514	deb9769fff6c6514
BID	stomach	True	0	0	400	312d60a3e6dabff7	312d60a3e6dabff7
BIRC2	stomach	True	0	0	400	0ada8c96ed1dc67e	0ada8c96ed1dc67e
BIRC3	stomach	True	0	0	400	b57870ba91e49886	b57870ba91e49886
CALR	stomach	True	0	0	400	1f1da488b7b12cd3	1f1da488b7b12cd3
CASP1	stomach	True	0	0	400	91b4fcfd05cf74fb	91b4fcfd05cf74fb
CASP10	stomach	True	0	0	400	ffa5ec49ef18e615	ffa5ec49ef18e615
CASP3	stomach	True	0	0	400	99a9a9279d8b4daa	99a9a9279d8b4daa
CASP4	stomach	True	0	0	400	428e200ce4e982aa	428e200ce4e982aa
CASP5	stomach	True	0	0	400	8cfd625e5d015408	8cfd625e5d015408
CASP6	stomach	True	0	0	400	519e95eddef11e02	519e95eddef11e02
CASP7	stomach	True	0	0	400	13e6c8669fcfb6f4	13e6c8669fcfb6f4
CASP8	stomach	True	0	0	400	f3c3f90b05ff7501	f3c3f90b05ff7501
CASP9	stomach	True	0	0	400	7787281fb5790740	7787281fb5790740
CD274	stomach	True	0	0	400	39f438b23be548b7	39f438b23be548b7
CD47	stomach	True	0	0	400	67fa4beff35965b3	67fa4beff35965b3
CEACAM1	stomach	True	0	0	400	79af0977ca9091d6	79af0977ca9091d6
CFLAR	stomach	True	0	0	400	a8b5c5542bf2c260	a8b5c5542bf2c260
CYCS	stomach	True	0	0	400	7d49c63af6c387eb	7d49c63af6c387eb
DIABLO	stomach	True	0	0	400	d1f7b936f012c6d4	d1f7b936f012c6d4
ERAP1	stomach	True	0	0	400	a8291939fcd46670	a8291939fcd46670
FADD	stomach	True	0	0	400	5cb3793478d56404	5cb3793478d56404
FAS	stomach	True	0	0	400	5ad24798161acf80	5ad24798161acf80
GSDMB	stomach	True	0	0	400	b8fb41d3c3a553a9	b8fb41d3c3a553a9
GSDMD	stomach	True	0	0	400	bc9ad2260b68e873	bc9ad2260b68e873
GSDME	stomach	True	0	0	400	8ca766fc7ba6883c	8ca766fc7ba6883c
HLA-A	stomach	True	0	0	400	55087296416dc06b	55087296416dc06b
HLA-B	stomach	True	0	0	400	d78ab0ac1476b8d7	d78ab0ac1476b8d7
HLA-C	stomach	True	0	0	400	a0d23b539d269668	a0d23b539d269668
HLA-E	stomach	True	0	0	400	0532575ac52ee251	0532575ac52ee251
LGALS9	stomach	True	0	0	400	27a524c6ddbadfd6	27a524c6ddbadfd6
MCL1	stomach	True	0	0	400	757e569ec7c41c73	757e569ec7c41c73
MICA	stomach	True	0	0	400	3ce147f67143e5e9	3ce147f67143e5e9
MICB	stomach	True	0	0	400	e45974b064451d66	e45974b064451d66
MLKL	stomach	True	0	0	400	8c079f8a1c3b2cce	8c079f8a1c3b2cce
NECTIN2	stomach	True	0	0	400	7e1605b305aee58c	7e1605b305aee58c
NLRC4	stomach	True	0	0	400	fbb27ba81f2c39b7	fbb27ba81f2c39b7
NLRC5	stomach	True	0	0	400	af2b10ab6380f1e9	af2b10ab6380f1e9
NLRP3	stomach	True	0	0	400	463875cc6e79b3f5	463875cc6e79b3f5
PDCD1LG2	stomach	True	0	0	400	35c265ab9d3c4f43	35c265ab9d3c4f43
PGAM5	stomach	True	0	0	400	4f893d21c00e6451	4f893d21c00e6451
PSMB8	stomach	True	0	0	400	d978e3201c6395f2	d978e3201c6395f2
PSMB9	stomach	True	0	0	400	240ab149abed9496	240ab149abed9496
PVR	stomach	True	0	0	400	33d4b84c63cb86fb	33d4b84c63cb86fb
PYCARD	stomach	True	0	0	400	44928d1f8d60d2e3	44928d1f8d60d2e3
RAET1E	stomach	True	0	0	400	e92d94cdf4b07665	e92d94cdf4b07665
RIPK1	stomach	True	0	0	400	19449935573bc3da	19449935573bc3da
RIPK3	stomach	True	0	0	400	fae6187a3e528213	fae6187a3e528213
TAP1	stomach	True	0	0	400	370eb2e74f575187	370eb2e74f575187
TAP2	stomach	True	0	0	400	154f6d0fa8698e4d	154f6d0fa8698e4d
TAPBP	stomach	True	0	0	400	8aaf80eb895b635d	8aaf80eb895b635d
TNFAIP3	stomach	True	0	0	400	645cbdf5cdb0dc51	645cbdf5cdb0dc51
TNFRSF10A	stomach	True	0	0	400	15a902a99c25ac39	15a902a99c25ac39
TNFRSF10B	stomach	True	0	0	400	263595614172e0d0	263595614172e0d0
TNFRSF1A	stomach	True	0	0	400	40fd46541849c97e	40fd46541849c97e
TRADD	stomach	True	0	0	400	79a730874058df5f	79a730874058df5f
ULBP1	stomach	True	0	0	400	8a8ef495b5fd64c3	8a8ef495b5fd64c3
ULBP2	stomach	True	0	0	400	2278b84c98fd9b6e	2278b84c98fd9b6e
ULBP3	stomach	True	0	0	400	0237156e3fff33f9	0237156e3fff33f9
XIAP	stomach	True	0	0	400	208b13a46d9bb738	208b13a46d9bb738
ZBP1	stomach	True	0	0	400	475cda0cfe04f6ef	475cda0cfe04f6ef
AIM2	large_intestine	True	0	0	400	59fdef92ae0f7ce9	59fdef92ae0f7ce9
APAF1	large_intestine	True	0	0	400	2701e2b268085aef	2701e2b268085aef
B2M	large_intestine	True	0	0	400	249a2668fe4251de	249a2668fe4251de
BAK1	large_intestine	True	0	0	400	93b263309b78414b	93b263309b78414b
BAX	large_intestine	True	0	0	400	d23df3f9eddd31e1	d23df3f9eddd31e1
BCL2	large_intestine	True	0	0	400	4378feeb273471fe	4378feeb273471fe
BCL2L1	large_intestine	True	0	0	400	22969c134d350b0e	22969c134d350b0e
BID	large_intestine	True	0	0	400	e2cb28b1715b8e3a	e2cb28b1715b8e3a
BIRC2	large_intestine	True	0	0	400	4907b4350d658b26	4907b4350d658b26
BIRC3	large_intestine	True	0	0	400	b772ceb78e75307b	b772ceb78e75307b
CALR	large_intestine	True	0	0	400	a3ab8551a17746fe	a3ab8551a17746fe
CASP1	large_intestine	True	0	0	400	1db20d69175f8267	1db20d69175f8267
CASP10	large_intestine	True	0	0	400	074bb2cb252639e5	074bb2cb252639e5
CASP3	large_intestine	True	0	0	400	583b75892a8e3cc8	583b75892a8e3cc8
CASP4	large_intestine	True	0	0	400	0f1d599230f26a70	0f1d599230f26a70
CASP5	large_intestine	True	0	0	400	41aae549e5b13f84	41aae549e5b13f84
CASP6	large_intestine	True	0	0	400	e0d45685ee24c3ad	e0d45685ee24c3ad
CASP7	large_intestine	True	0	0	400	7111bdf3561e1f64	7111bdf3561e1f64
CASP8	large_intestine	True	0	0	400	5c6e32dc2a9756be	5c6e32dc2a9756be
CASP9	large_intestine	True	0	0	400	15a38bdbe8fb05d7	15a38bdbe8fb05d7
CD274	large_intestine	True	0	0	400	49f01645f1f12236	49f01645f1f12236
CD47	large_intestine	True	0	0	400	526bf6864cd1da0d	526bf6864cd1da0d
CEACAM1	large_intestine	True	0	0	400	dc971a8cd09fd5fb	dc971a8cd09fd5fb
CFLAR	large_intestine	True	0	0	400	391b28260d956364	391b28260d956364
CYCS	large_intestine	True	0	0	400	6774fa540851a65f	6774fa540851a65f
DIABLO	large_intestine	True	0	0	400	ac1a56f3c5ed0915	ac1a56f3c5ed0915
ERAP1	large_intestine	True	0	0	400	daa406c55327ffc4	daa406c55327ffc4
FADD	large_intestine	True	0	0	400	c9561c1edf91bbb7	c9561c1edf91bbb7
FAS	large_intestine	True	0	0	400	a02bbf468392c342	a02bbf468392c342
GSDMB	large_intestine	True	0	0	400	1ebd36e3cbf13a96	1ebd36e3cbf13a96
GSDMD	large_intestine	True	0	0	400	9b8444ea110117a6	9b8444ea110117a6
GSDME	large_intestine	True	0	0	400	99b336a97ce2dcf3	99b336a97ce2dcf3
HLA-A	large_intestine	True	0	0	400	4a67f175d6ffe57a	4a67f175d6ffe57a
HLA-B	large_intestine	True	0	0	400	b71331eadf5e2fcb	b71331eadf5e2fcb
HLA-C	large_intestine	True	0	0	400	2311a10b5070e2dd	2311a10b5070e2dd
HLA-E	large_intestine	True	0	0	400	e311210619dd6155	e311210619dd6155
LGALS9	large_intestine	True	0	0	400	9757a98ef440f5ae	9757a98ef440f5ae
MCL1	large_intestine	True	0	0	400	1746f3b89f16c92f	1746f3b89f16c92f
MICA	large_intestine	True	0	0	400	b95c4d8945bfafba	b95c4d8945bfafba
MICB	large_intestine	True	0	0	400	4199698d870d113a	4199698d870d113a
MLKL	large_intestine	True	0	0	400	a59ed439e643c7ac	a59ed439e643c7ac
NECTIN2	large_intestine	True	0	0	400	0a2f92b92df63f99	0a2f92b92df63f99
NLRC4	large_intestine	True	0	0	400	6e33b47b675030c5	6e33b47b675030c5
NLRC5	large_intestine	True	0	0	400	ee265fc5c034d4a7	ee265fc5c034d4a7
NLRP3	large_intestine	True	0	0	400	a297ce8acd8ac6f2	a297ce8acd8ac6f2
PDCD1LG2	large_intestine	True	0	0	400	79944df064753807	79944df064753807
PGAM5	large_intestine	True	0	0	400	138fe4875790acb1	138fe4875790acb1
PSMB8	large_intestine	True	0	0	400	ce1429f27bdafbe3	ce1429f27bdafbe3
PSMB9	large_intestine	True	0	0	400	475ca55e489181c7	475ca55e489181c7
PVR	large_intestine	True	0	0	400	e78a55e26b5ad78f	e78a55e26b5ad78f
PYCARD	large_intestine	True	0	0	400	79d97b04e41d6220	79d97b04e41d6220
RAET1E	large_intestine	True	0	0	400	0296a8b5dc3c934a	0296a8b5dc3c934a
RIPK1	large_intestine	True	0	0	400	bf0339609b57a7c8	bf0339609b57a7c8
RIPK3	large_intestine	True	0	0	400	fcc8a39576f963ab	fcc8a39576f963ab
TAP1	large_intestine	True	0	0	400	1f74989446f75d43	1f74989446f75d43
TAP2	large_intestine	True	0	0	400	2474d0c5ccd004e9	2474d0c5ccd004e9
TAPBP	large_intestine	True	0	0	400	332e47a4017645ac	332e47a4017645ac
TNFAIP3	large_intestine	True	0	0	400	ceaf3b7f5ea2d539	ceaf3b7f5ea2d539
TNFRSF10A	large_intestine	True	0	0	400	6dfb0565719848d0	6dfb0565719848d0
TNFRSF10B	large_intestine	True	0	0	400	cd02873eba426358	cd02873eba426358
TNFRSF1A	large_intestine	True	0	0	400	8d5c4e9e6d6673cc	8d5c4e9e6d6673cc
TRADD	large_intestine	True	0	0	400	167441aa690510a9	167441aa690510a9
ULBP1	large_intestine	True	0	0	400	64e6b913092a8f4f	64e6b913092a8f4f
ULBP2	large_intestine	True	0	0	400	e4ca62043f8f87a2	e4ca62043f8f87a2
ULBP3	large_intestine	True	0	0	400	990c72a1830f3047	990c72a1830f3047
XIAP	large_intestine	True	0	0	400	addd060278668a82	addd060278668a82
ZBP1	large_intestine	True	0	0	400	8f87b1ba118f10a3	8f87b1ba118f10a3
AIM2	lung	True	0	0	400	e8ce839f560bdfe0	e8ce839f560bdfe0
APAF1	lung	True	0	0	400	766f876e6f2bdbb5	766f876e6f2bdbb5
B2M	lung	True	0	0	400	e6dd85d4b8b80975	e6dd85d4b8b80975
BAK1	lung	True	0	0	400	5bb8208f10bfb160	5bb8208f10bfb160
BAX	lung	True	0	0	400	aa715d8b7d1faf0f	aa715d8b7d1faf0f
BCL2	lung	True	0	0	400	42407e359b554d3d	42407e359b554d3d
BCL2L1	lung	True	0	0	400	cf3877123648faf3	cf3877123648faf3
BID	lung	True	0	0	400	6b4e76425d3ab847	6b4e76425d3ab847
BIRC2	lung	True	0	0	400	ba80a14c6d6ecd1b	ba80a14c6d6ecd1b
BIRC3	lung	True	0	0	400	b48cd82eae8a631c	b48cd82eae8a631c
CALR	lung	True	0	0	400	cde795d2f0aba911	cde795d2f0aba911
CASP1	lung	True	0	0	400	c0318ca2b5c7ce6a	c0318ca2b5c7ce6a
CASP10	lung	True	0	0	400	261dae32a6b5bc26	261dae32a6b5bc26
CASP3	lung	True	0	0	400	a2dcccdf50775c07	a2dcccdf50775c07
CASP4	lung	True	0	0	400	47b319a80410949a	47b319a80410949a
CASP5	lung	True	0	0	400	b6961ed71bda7a3e	b6961ed71bda7a3e
CASP6	lung	True	0	0	400	8e93a5eaeca09d63	8e93a5eaeca09d63
CASP7	lung	True	0	0	400	dbae01c9f8e036ac	dbae01c9f8e036ac
CASP8	lung	True	0	0	400	7930c266b5abd32f	7930c266b5abd32f
CASP9	lung	True	0	0	400	ee4aea7cb70021d7	ee4aea7cb70021d7
CD274	lung	True	0	0	400	5dc57a14c48395b5	5dc57a14c48395b5
CD47	lung	True	0	0	400	b131cfc6fad84fa7	b131cfc6fad84fa7
CEACAM1	lung	True	0	0	400	828a74e69b858756	828a74e69b858756
CFLAR	lung	True	0	0	400	4cfbcd0a10415bcc	4cfbcd0a10415bcc
CYCS	lung	True	0	0	400	67f6485cf56744ea	67f6485cf56744ea
DIABLO	lung	True	0	0	400	28a62bb6b76ac72f	28a62bb6b76ac72f
ERAP1	lung	True	0	0	400	e20d4054d6657134	e20d4054d6657134
FADD	lung	True	0	0	400	2af66bff78cfaf4c	2af66bff78cfaf4c
FAS	lung	True	0	0	400	1704bdba2057f4aa	1704bdba2057f4aa
GSDMB	lung	True	0	0	400	92645d9b7bddbdea	92645d9b7bddbdea
GSDMD	lung	True	0	0	400	6ea52b74d41482a2	6ea52b74d41482a2
GSDME	lung	True	0	0	400	1655810535c7b020	1655810535c7b020
HLA-A	lung	True	0	0	400	a969b3e489088e85	a969b3e489088e85
HLA-B	lung	True	0	0	400	8453b334cce2bb15	8453b334cce2bb15
HLA-C	lung	True	0	0	400	b40ef8f668141e7a	b40ef8f668141e7a
HLA-E	lung	True	0	0	400	940aa92a687aaab4	940aa92a687aaab4
LGALS9	lung	True	0	0	400	363b11869c5ef445	363b11869c5ef445
MCL1	lung	True	0	0	400	a065f3b06975f1b7	a065f3b06975f1b7
MICA	lung	True	0	0	400	da1a87bbd678f6b8	da1a87bbd678f6b8
MICB	lung	True	0	0	400	afa886a63c258d3c	afa886a63c258d3c
MLKL	lung	True	0	0	400	7406b986fe55d750	7406b986fe55d750
NECTIN2	lung	True	0	0	400	2d95ddef558cc063	2d95ddef558cc063
NLRC4	lung	True	0	0	400	c5f07a6a60f74ef5	c5f07a6a60f74ef5
NLRC5	lung	True	0	0	400	bd6ef7b8869ca416	bd6ef7b8869ca416
NLRP3	lung	True	0	0	400	d92df6bd8df7a5da	d92df6bd8df7a5da
PDCD1LG2	lung	True	0	0	400	6499056ba2ebf24f	6499056ba2ebf24f
PGAM5	lung	True	0	0	400	23186ad4f5de53e0	23186ad4f5de53e0
PSMB8	lung	True	0	0	400	a08e4ce002db958f	a08e4ce002db958f
PSMB9	lung	True	0	0	400	d8086f35f51eb0d0	d8086f35f51eb0d0
PVR	lung	True	0	0	400	2666605843742693	2666605843742693
PYCARD	lung	True	0	0	400	6c2479e10b837a5f	6c2479e10b837a5f
RAET1E	lung	True	0	0	400	2e362827df874d7c	2e362827df874d7c
RIPK1	lung	True	0	0	400	1f7ee4202d72e0e4	1f7ee4202d72e0e4
RIPK3	lung	True	0	0	400	7ccf1bfdbb25b15a	7ccf1bfdbb25b15a
TAP1	lung	True	0	0	400	ff5306e5d9ce0508	ff5306e5d9ce0508
TAP2	lung	True	0	0	400	d46b23362b9a80c4	d46b23362b9a80c4
TAPBP	lung	True	0	0	400	273874a2098c1d97	273874a2098c1d97
TNFAIP3	lung	True	0	0	400	0a02464e17e0f2b9	0a02464e17e0f2b9
TNFRSF10A	lung	True	0	0	400	a434325076a53db3	a434325076a53db3
TNFRSF10B	lung	True	0	0	400	b7a92380aba1dee5	b7a92380aba1dee5
TNFRSF1A	lung	True	0	0	400	c3136cd0b2aee27b	c3136cd0b2aee27b
TRADD	lung	True	0	0	400	6dbe0afc8b92bc2c	6dbe0afc8b92bc2c
ULBP1	lung	True	0	0	400	01244e00022aa68a	01244e00022aa68a
ULBP2	lung	True	0	0	400	39e68edc23e5852a	39e68edc23e5852a
ULBP3	lung	True	0	0	400	64da5c1ae40465b6	64da5c1ae40465b6
XIAP	lung	True	0	0	400	0ac13f56831d5e49	0ac13f56831d5e49
ZBP1	lung	True	0	0	400	c5819d6bd7f6aba7	c5819d6bd7f6aba7
AIM2	breast	True	0	0	400	aeec1c118a9a2720	aeec1c118a9a2720
APAF1	breast	True	0	0	400	1628b8627854631d	1628b8627854631d
B2M	breast	True	0	0	400	59e8655c47050a75	59e8655c47050a75
BAK1	breast	True	0	0	400	1fbe19741e33ef1b	1fbe19741e33ef1b
BAX	breast	True	0	0	400	ff8760ebf9a3f0bd	ff8760ebf9a3f0bd
BCL2	breast	True	0	0	400	24e67cd551750679	24e67cd551750679
BCL2L1	breast	True	0	0	400	bce9072e1659957c	bce9072e1659957c
BID	breast	True	0	0	400	9ab12f5b58b7f0c5	9ab12f5b58b7f0c5
BIRC2	breast	True	0	0	400	2bfc3eb6a845aaa6	2bfc3eb6a845aaa6
BIRC3	breast	True	0	0	400	6e3b275de69d4cff	6e3b275de69d4cff
CALR	breast	True	0	0	400	7ff77703052dab21	7ff77703052dab21
CASP1	breast	True	0	0	400	a577c297a50220ad	a577c297a50220ad
CASP10	breast	True	0	0	400	9d8d82e56b4d3f38	9d8d82e56b4d3f38
CASP3	breast	True	0	0	400	0b59897768f885e3	0b59897768f885e3
CASP4	breast	True	0	0	400	a40cfc34b9bb8ac8	a40cfc34b9bb8ac8
CASP5	breast	True	0	0	400	cdf95e4c63b63831	cdf95e4c63b63831
CASP6	breast	True	0	0	400	08fc64acb542160e	08fc64acb542160e
CASP7	breast	True	0	0	400	9958731f960fd62e	9958731f960fd62e
CASP8	breast	True	0	0	400	e559fa0b45ec83d8	e559fa0b45ec83d8
CASP9	breast	True	0	0	400	632138c6f676ceeb	632138c6f676ceeb
CD274	breast	True	0	0	400	5dbcecf12446ac2f	5dbcecf12446ac2f
CD47	breast	True	0	0	400	e55c53d4f10f2033	e55c53d4f10f2033
CEACAM1	breast	True	0	0	400	52ea12ec529dc22e	52ea12ec529dc22e
CFLAR	breast	True	0	0	400	9ba6e0b04461a32b	9ba6e0b04461a32b
CYCS	breast	True	0	0	400	bad1de5afdc4d564	bad1de5afdc4d564
DIABLO	breast	True	0	0	400	8fb996f676754aac	8fb996f676754aac
ERAP1	breast	True	0	0	400	5a934e7f0351131c	5a934e7f0351131c
FADD	breast	True	0	0	400	8d4b07ddcb346646	8d4b07ddcb346646
FAS	breast	True	0	0	400	c8b6d057e3427b0d	c8b6d057e3427b0d
GSDMB	breast	True	0	0	400	eb69fb08f8051c0f	eb69fb08f8051c0f
GSDMD	breast	True	0	0	400	2001aa14f769e142	2001aa14f769e142
GSDME	breast	True	0	0	400	8f6c95ff31fb34a1	8f6c95ff31fb34a1
HLA-A	breast	True	0	0	400	d8ead5b259cd1a42	d8ead5b259cd1a42
HLA-B	breast	True	0	0	400	ed550da011009e0d	ed550da011009e0d
HLA-C	breast	True	0	0	400	154ea62162a21a19	154ea62162a21a19
HLA-E	breast	True	0	0	400	577a90c3a9e68d61	577a90c3a9e68d61
LGALS9	breast	True	0	0	400	de2626ecb8fae0ec	de2626ecb8fae0ec
MCL1	breast	True	0	0	400	76f67fc1f7f1daac	76f67fc1f7f1daac
MICA	breast	True	0	0	400	fd038d0282e3cee9	fd038d0282e3cee9
MICB	breast	True	0	0	400	4842fea1d5407fe2	4842fea1d5407fe2
MLKL	breast	True	0	0	400	a36b7e55e3c4fa4f	a36b7e55e3c4fa4f
NECTIN2	breast	True	0	0	400	746c05a6316e68ce	746c05a6316e68ce
NLRC4	breast	True	0	0	400	1e006a65da044936	1e006a65da044936
NLRC5	breast	True	0	0	400	c161b84275cb2b5e	c161b84275cb2b5e
NLRP3	breast	True	0	0	400	f09beb0b19b03978	f09beb0b19b03978
PDCD1LG2	breast	True	0	0	400	2e8e8a8f3f17367e	2e8e8a8f3f17367e
PGAM5	breast	True	0	0	400	a4a36e7bc1849476	a4a36e7bc1849476
PSMB8	breast	True	0	0	400	98a76ce68837bed1	98a76ce68837bed1
PSMB9	breast	True	0	0	400	50f7a8bd9dc2ccb6	50f7a8bd9dc2ccb6
PVR	breast	True	0	0	400	92ff1c87605ed2e1	92ff1c87605ed2e1
PYCARD	breast	True	0	0	400	970e91d109b0f2a3	970e91d109b0f2a3
RAET1E	breast	True	0	0	400	fab1f74052f298e8	fab1f74052f298e8
RIPK1	breast	True	0	0	400	aace3596a8d0378a	aace3596a8d0378a
RIPK3	breast	True	0	0	400	25be8eb8ae9b7caa	25be8eb8ae9b7caa
TAP1	breast	True	0	0	400	d29988ff7f4c4664	d29988ff7f4c4664
TAP2	breast	True	0	0	400	202eb8f9bcdad7cf	202eb8f9bcdad7cf
TAPBP	breast	True	0	0	400	07e0c5b2993b51f6	07e0c5b2993b51f6
TNFAIP3	breast	True	0	0	400	bbcf9581e8370bee	bbcf9581e8370bee
TNFRSF10A	breast	True	0	0	400	e83fc2a38284853d	e83fc2a38284853d
TNFRSF10B	breast	True	0	0	400	4e4a8d551767c897	4e4a8d551767c897
TNFRSF1A	breast	True	0	0	400	16dbb963fb3b1a6c	16dbb963fb3b1a6c
TRADD	breast	True	0	0	400	9a235c473d80ff64	9a235c473d80ff64
ULBP1	breast	True	0	0	400	535223d2237d75c9	535223d2237d75c9
ULBP2	breast	True	0	0	400	4d0900582c1e3afd	4d0900582c1e3afd
ULBP3	breast	True	0	0	400	bed6b49ed4bcd3eb	bed6b49ed4bcd3eb
XIAP	breast	True	0	0	400	c06ded994886102b	c06ded994886102b
ZBP1	breast	True	0	0	400	fb8a1936bf693585	fb8a1936bf693585
AIM2	pancreas	True	0	0	400	09dccb15f2c6519e	09dccb15f2c6519e
APAF1	pancreas	True	0	0	400	b4fc53a6c74ad505	b4fc53a6c74ad505
B2M	pancreas	True	0	0	400	803d218f8ac56a9f	803d218f8ac56a9f
BAK1	pancreas	True	0	0	400	fc2ec10c776a58e5	fc2ec10c776a58e5
BAX	pancreas	True	0	0	400	bca6708086f23605	bca6708086f23605
BCL2	pancreas	True	0	0	400	8eacb77245e3ad22	8eacb77245e3ad22
BCL2L1	pancreas	True	0	0	400	6015a7df7704f4cd	6015a7df7704f4cd
BID	pancreas	True	0	0	400	83e1a02e25b1cdf1	83e1a02e25b1cdf1
BIRC2	pancreas	True	0	0	400	519f5347982a1fc5	519f5347982a1fc5
BIRC3	pancreas	True	0	0	400	e25f37f5a4f06b1c	e25f37f5a4f06b1c
CALR	pancreas	True	0	0	400	11e9fd447fbcab5f	11e9fd447fbcab5f
CASP1	pancreas	True	0	0	400	ed6e012bc5d753d3	ed6e012bc5d753d3
CASP10	pancreas	True	0	0	400	7b57e1a82a5cbf8d	7b57e1a82a5cbf8d
CASP3	pancreas	True	0	0	400	0150afd7e9a44918	0150afd7e9a44918
CASP4	pancreas	True	0	0	400	d09797c624c5b811	d09797c624c5b811
CASP5	pancreas	True	0	0	400	bbb23f95def471e5	bbb23f95def471e5
CASP6	pancreas	True	0	0	400	136d78279fecf24d	136d78279fecf24d
CASP7	pancreas	True	0	0	400	d3aef0cb0b3ea941	d3aef0cb0b3ea941
CASP8	pancreas	True	0	0	400	5078cb28464d8115	5078cb28464d8115
CASP9	pancreas	True	0	0	400	53462b24803c573e	53462b24803c573e
CD274	pancreas	True	0	0	400	a68e75307e36f393	a68e75307e36f393
CD47	pancreas	True	0	0	400	7cf156d8804dde87	7cf156d8804dde87
CEACAM1	pancreas	True	0	0	400	a5cdf84ef0ba39b2	a5cdf84ef0ba39b2
CFLAR	pancreas	True	0	0	400	2bf00bb651819fd3	2bf00bb651819fd3
CYCS	pancreas	True	0	0	400	827cf1ed5ccad3b6	827cf1ed5ccad3b6
DIABLO	pancreas	True	0	0	400	af3c11072a713382	af3c11072a713382
ERAP1	pancreas	True	0	0	400	b5e24e947c332381	b5e24e947c332381
FADD	pancreas	True	0	0	400	d4ac1ec27c6ec385	d4ac1ec27c6ec385
FAS	pancreas	True	0	0	400	87f8cddc5d7de76d	87f8cddc5d7de76d
GSDMB	pancreas	True	0	0	400	85c3e720993bf154	85c3e720993bf154
GSDMD	pancreas	True	0	0	400	0a7e8f2be3bcb2cd	0a7e8f2be3bcb2cd
GSDME	pancreas	True	0	0	400	54c1d7f809725fae	54c1d7f809725fae
HLA-A	pancreas	True	0	0	400	770f300cb2d9ef77	770f300cb2d9ef77
HLA-B	pancreas	True	0	0	400	2e4faabb6f4a0294	2e4faabb6f4a0294
HLA-C	pancreas	True	0	0	400	b4c3efe73bafd6cd	b4c3efe73bafd6cd
HLA-E	pancreas	True	0	0	400	bb1d2e9c74e4e9d8	bb1d2e9c74e4e9d8
LGALS9	pancreas	True	0	0	400	5c787a22081af53e	5c787a22081af53e
MCL1	pancreas	True	0	0	400	40c05eb0e67ce116	40c05eb0e67ce116
MICA	pancreas	True	0	0	400	057b8a28e71b1968	057b8a28e71b1968
MICB	pancreas	True	0	0	400	1d83361be8945b94	1d83361be8945b94
MLKL	pancreas	True	0	0	400	37eb9421dbffb2b6	37eb9421dbffb2b6
NECTIN2	pancreas	True	0	0	400	e95c505bf63a4824	e95c505bf63a4824
NLRC4	pancreas	True	0	0	400	a3a8624464e7e745	a3a8624464e7e745
NLRC5	pancreas	True	0	0	400	eaff265494e2a051	eaff265494e2a051
NLRP3	pancreas	True	0	0	400	b2f020c668d90f51	b2f020c668d90f51
PDCD1LG2	pancreas	True	0	0	400	51d71c62f715e3ef	51d71c62f715e3ef
PGAM5	pancreas	True	0	0	400	31a37a229ee2299e	31a37a229ee2299e
PSMB8	pancreas	True	0	0	400	517d5686230d5af2	517d5686230d5af2
PSMB9	pancreas	True	0	0	400	ea871955c087bc9c	ea871955c087bc9c
PVR	pancreas	True	0	0	400	fdacb3889ad284eb	fdacb3889ad284eb
PYCARD	pancreas	True	0	0	400	7c1e3937873f5c03	7c1e3937873f5c03
RAET1E	pancreas	True	0	0	400	a1241c60ec0ab73e	a1241c60ec0ab73e
RIPK1	pancreas	True	0	0	400	829f6522c735673c	829f6522c735673c
RIPK3	pancreas	True	0	0	400	c19b59b179af9e94	c19b59b179af9e94
TAP1	pancreas	True	0	0	400	40a6d1c0768c5b7e	40a6d1c0768c5b7e
TAP2	pancreas	True	0	0	400	6bbccb8499b81bde	6bbccb8499b81bde
TAPBP	pancreas	True	0	0	400	7d61bf3bb54d42d4	7d61bf3bb54d42d4
TNFAIP3	pancreas	True	0	0	400	425eb0085a5892da	425eb0085a5892da
TNFRSF10A	pancreas	True	0	0	400	a9a83c91bae9002f	a9a83c91bae9002f
TNFRSF10B	pancreas	True	0	0	400	aa2ecd507cf99545	aa2ecd507cf99545
TNFRSF1A	pancreas	True	0	0	400	22b9be9fd2aaa954	22b9be9fd2aaa954
TRADD	pancreas	True	0	0	400	6918ae5e4a13e16a	6918ae5e4a13e16a
ULBP1	pancreas	True	0	0	400	5cd48b68b1fa4f89	5cd48b68b1fa4f89
ULBP2	pancreas	True	0	0	400	515c47009c7f3ab9	515c47009c7f3ab9
ULBP3	pancreas	True	0	0	400	cc2618200642157c	cc2618200642157c
XIAP	pancreas	True	0	0	400	8ed6599de1126800	8ed6599de1126800
ZBP1	pancreas	True	0	0	400	5752833129b7ea01	5752833129b7ea01
AIM2	ovary	True	0	0	400	d1ad0139ea328e8a	d1ad0139ea328e8a
APAF1	ovary	True	0	0	400	956bd6bb7cf4fce0	956bd6bb7cf4fce0
B2M	ovary	True	0	0	400	4125cfce01f79444	4125cfce01f79444
BAK1	ovary	True	0	0	400	813375e56321b35f	813375e56321b35f
BAX	ovary	True	0	0	400	567eb484cd329dc5	567eb484cd329dc5
BCL2	ovary	True	0	0	400	e461dbc723d57ec8	e461dbc723d57ec8
BCL2L1	ovary	True	0	0	400	5d378bdb663e34f6	5d378bdb663e34f6
BID	ovary	True	0	0	400	3023f6c114696b2c	3023f6c114696b2c
BIRC2	ovary	True	0	0	400	b7dc1b47f16e09c0	b7dc1b47f16e09c0
BIRC3	ovary	True	0	0	400	1e0733ed27378a68	1e0733ed27378a68
CALR	ovary	True	0	0	400	7fafdfc550518f1c	7fafdfc550518f1c
CASP1	ovary	True	0	0	400	d7213ebbc4f3e2fc	d7213ebbc4f3e2fc
CASP10	ovary	True	0	0	400	b9dbe7c127fa6c03	b9dbe7c127fa6c03
CASP3	ovary	True	0	0	400	64db421851b23381	64db421851b23381
CASP4	ovary	True	0	0	400	4ae883121745babc	4ae883121745babc
CASP5	ovary	True	0	0	400	266121eaa4deae9b	266121eaa4deae9b
CASP6	ovary	True	0	0	400	18c8e1966869cd39	18c8e1966869cd39
CASP7	ovary	True	0	0	400	4d808cbed4ec84f3	4d808cbed4ec84f3
CASP8	ovary	True	0	0	400	4871de93d34a8878	4871de93d34a8878
CASP9	ovary	True	0	0	400	9bc1ae03dd14a8f1	9bc1ae03dd14a8f1
CD274	ovary	True	0	0	400	4266c753bf8d6680	4266c753bf8d6680
CD47	ovary	True	0	0	400	f10e391f8f868eba	f10e391f8f868eba
CEACAM1	ovary	True	0	0	400	765e20c520efe2d0	765e20c520efe2d0
CFLAR	ovary	True	0	0	400	f53c4a25bf9e8f33	f53c4a25bf9e8f33
CYCS	ovary	True	0	0	400	83a26aae3e333c3c	83a26aae3e333c3c
DIABLO	ovary	True	0	0	400	76219e9f3837eb9c	76219e9f3837eb9c
ERAP1	ovary	True	0	0	400	7a6cca8ce0fa4107	7a6cca8ce0fa4107
FADD	ovary	True	0	0	400	06534135104e4860	06534135104e4860
FAS	ovary	True	0	0	400	0b5a486096cff830	0b5a486096cff830
GSDMB	ovary	True	0	0	400	04a5bb7c77925efc	04a5bb7c77925efc
GSDMD	ovary	True	0	0	400	cd8f04fe305de5c9	cd8f04fe305de5c9
GSDME	ovary	True	0	0	400	15205f2b35119dbd	15205f2b35119dbd
HLA-A	ovary	True	0	0	400	5288640833b050eb	5288640833b050eb
HLA-B	ovary	True	0	0	400	36f154a9c1456d1f	36f154a9c1456d1f
HLA-C	ovary	True	0	0	400	4b5e3f0aeedbba4a	4b5e3f0aeedbba4a
HLA-E	ovary	True	0	0	400	84d0dc662af06c5e	84d0dc662af06c5e
LGALS9	ovary	True	0	0	400	f7b23cebad1423c5	f7b23cebad1423c5
MCL1	ovary	True	0	0	400	8725ea16d6304ccd	8725ea16d6304ccd
MICA	ovary	True	0	0	400	2afc9cc3687d7600	2afc9cc3687d7600
MICB	ovary	True	0	0	400	8a712cb7b1af4916	8a712cb7b1af4916
MLKL	ovary	True	0	0	400	cabe4b09efa8feed	cabe4b09efa8feed
NECTIN2	ovary	True	0	0	400	49425466828862d8	49425466828862d8
NLRC4	ovary	True	0	0	400	680780450eb28220	680780450eb28220
NLRC5	ovary	True	0	0	400	394a7db0693ea89a	394a7db0693ea89a
NLRP3	ovary	True	0	0	400	aff5e58302545168	aff5e58302545168
PDCD1LG2	ovary	True	0	0	400	9aa9bcebddb449b1	9aa9bcebddb449b1
PGAM5	ovary	True	0	0	400	14022bcc6511d0c3	14022bcc6511d0c3
PSMB8	ovary	True	0	0	400	27e65a3a0f1a47db	27e65a3a0f1a47db
PSMB9	ovary	True	0	0	400	0b28c563aee29774	0b28c563aee29774
PVR	ovary	True	0	0	400	4e45a5d22aff4087	4e45a5d22aff4087
PYCARD	ovary	True	0	0	400	2bedb41c7c18b941	2bedb41c7c18b941
RAET1E	ovary	True	0	0	400	8df6ba21a94136fa	8df6ba21a94136fa
RIPK1	ovary	True	0	0	400	1f19fec6fe7f3770	1f19fec6fe7f3770
RIPK3	ovary	True	0	0	400	5f1aabb04693b8d8	5f1aabb04693b8d8
TAP1	ovary	True	0	0	400	be0da004bf8abe67	be0da004bf8abe67
TAP2	ovary	True	0	0	400	d920fa08b67f7ce4	d920fa08b67f7ce4
TAPBP	ovary	True	0	0	400	2dd79b2f4818df58	2dd79b2f4818df58
TNFAIP3	ovary	True	0	0	400	4cca1b4246c7dc23	4cca1b4246c7dc23
TNFRSF10A	ovary	True	0	0	400	4781ad02f0a61a3d	4781ad02f0a61a3d
TNFRSF10B	ovary	True	0	0	400	f8b8f29c87b1da09	f8b8f29c87b1da09
TNFRSF1A	ovary	True	0	0	400	61429818ebeb3aee	61429818ebeb3aee
TRADD	ovary	True	0	0	400	2fcc29e0a2255c40	2fcc29e0a2255c40
ULBP1	ovary	True	0	0	400	213a232dcd5502a7	213a232dcd5502a7
ULBP2	ovary	True	0	0	400	562595e9f176862a	562595e9f176862a
ULBP3	ovary	True	0	0	400	895c00b2206a6d08	895c00b2206a6d08
XIAP	ovary	True	0	0	400	c098cb6135cea562	c098cb6135cea562
ZBP1	ovary	True	0	0	400	5597b73ec1283ea4	5597b73ec1283ea4
